1326044400000000,-0.006483,-0.000512,-0.002805
1326044400010000,0.005448,0.006113,-0.001125
1326044400020000,0.009447,0.008233,0.000332
1326044400030000,0.023559,0.021151,0.002248
1326044400040000,0.030556,0.033291,0.002596
1326044400050000,0.033054,0.035441,0.003549
1326044400060000,0.052368,0.038258,0.000261
1326044400070000,0.045840,0.043240,0.001527
1326044400080000,0.055994,0.052498,-0.002909
1326044400090000,0.066861,0.065576,0.000860
1326044400100000,0.075199,0.072401,-0.002151
1326044400110000,0.084201,0.073748,-0.000125
1326044400120000,0.087029,0.073765,0.006060
1326044400130000,0.097215,0.093987,0.000607
1326044400140000,0.095709,0.094467,-0.001728
1326044400150000,0.110699,0.109469,0.000816
1326044400160000,0.117706,0.109311,-0.001034
1326044400170000,0.127820,0.115221,-0.001921
1326044400180000,0.118988,0.127994,0.004206
1326044400190000,0.129868,0.146085,0.002134
1326044400200000,0.145593,0.145110,0.000691
1326044400210000,0.135295,0.149114,-0.000784
1326044400220000,0.158085,0.157296,-0.000622
1326044400230000,0.167998,0.153814,0.003085
1326044400240000,0.166891,0.164026,0.000613
1326044400250000,0.174696,0.164152,-0.006166
1326044400260000,0.178550,0.192424,0.004842
1326044400270000,0.188387,0.198480,0.000366
1326044400280000,0.195606,0.199875,0.000687
1326044400290000,0.201728,0.205655,0.002173
1326044400300000,0.208528,0.204290,0.000931
1326044400310000,0.217935,0.218019,0.001494
1326044400320000,0.224949,0.235146,-0.000847
1326044400330000,0.242809,0.233909,-0.002460
1326044400340000,0.238541,0.237497,0.000560
1326044400350000,0.249307,0.238598,0.002863
1326044400360000,0.251775,0.261359,-0.001296
1326044400370000,0.258786,0.261175,-0.001456
1326044400380000,0.260286,0.259810,0.002442
1326044400390000,0.268025,0.271040,-0.000914
1326044400400000,0.276920,0.276342,-0.000821
1326044400410000,0.290948,0.289140,-0.000746
1326044400420000,0.302484,0.297903,-0.000130
1326044400430000,0.295244,0.301419,-0.003147
1326044400440000,0.308505,0.314888,-0.001079
1326044400450000,0.311490,0.318465,0.000461
1326044400460000,0.324077,0.330451,0.000446
1326044400470000,0.337851,0.330422,0.002316
1326044400480000,0.337312,0.354503,0.003679
1326044400490000,0.346383,0.343522,0.003025
1326044400500000,0.360970,0.348896,0.001829
1326044400510000,0.363058,0.355349,-0.000297
1326044400520000,0.364041,0.366494,-0.001246
1326044400530000,0.375710,0.366020,0.000036
1326044400540000,0.377852,0.383158,0.001171
1326044400550000,0.391166,0.379227,0.001644
1326044400560000,0.398714,0.396630,0.001246
1326044400570000,0.396376,0.396134,-0.000242
1326044400580000,0.411161,0.408052,0.001574
1326044400590000,0.416771,0.420050,0.002522
1326044400600000,0.427156,0.435615,0.001760
1326044400610000,0.435664,0.425773,-0.000064
1326044400620000,0.440968,0.437480,-0.001668
1326044400630000,0.444139,0.441681,-0.001715
1326044400640000,0.457395,0.448019,-0.001362
1326044400650000,0.455437,0.455862,0.000514
1326044400660000,0.460274,0.470625,0.001040
1326044400670000,0.457974,0.471133,-0.002829
1326044400680000,0.480673,0.491888,-0.001008
1326044400690000,0.483990,0.489789,0.000487
1326044400700000,0.497161,0.489728,-0.001799
1326044400710000,0.492390,0.500012,0.000868
1326044400720000,0.506084,0.504905,-0.000615
1326044400730000,0.518745,0.519983,-0.001447
1326044400740000,0.518318,0.514857,0.000106
1326044400750000,0.532587,0.523414,0.000785
1326044400760000,0.534830,0.534229,-0.001697
1326044400770000,0.544525,0.547670,-0.000485
1326044400780000,0.554739,0.557489,0.000935
1326044400790000,0.563601,0.565295,-0.001524
1326044400800000,0.566373,0.568109,-0.003316
1326044400810000,0.568914,0.572114,-0.003073
1326044400820000,0.577768,0.583570,-0.000836
1326044400830000,0.590317,0.580942,-0.002637
1326044400840000,0.589100,0.584510,-0.000695
1326044400850000,0.600390,0.602985,0.003330
1326044400860000,0.606424,0.602841,-0.002757
1326044400870000,0.614911,0.614611,-0.000565
1326044400880000,0.617455,0.622604,0.004265
1326044400890000,0.620316,0.630315,0.000816
1326044400900000,0.639253,0.640832,-0.000735
1326044400910000,0.648544,0.647371,-0.000314
1326044400920000,0.641836,0.651254,0.000859
1326044400930000,0.659716,0.655137,0.003392
1326044400940000,0.670361,0.664954,-0.001062
1326044400950000,0.674998,0.668503,-0.001515
1326044400960000,0.677009,0.677570,-0.002758
1326044400970000,0.681449,0.698711,0.000206
1326044400980000,0.693645,0.693600,-0.002811
1326044400990000,0.701553,0.702008,-0.000928
1326044401000000,0.707867,0.703298,-0.001817
1326044401010000,0.713561,0.718994,0.002148
1326044401020000,0.716123,0.724763,-0.001017
1326044401030000,0.730723,0.731867,0.000794
1326044401040000,0.738038,0.736173,-0.003208
1326044401050000,0.743762,0.747337,0.000263
1326044401060000,0.750387,0.755593,-0.002406
1326044401070000,0.765302,0.757718,-0.000851
1326044401080000,0.760857,0.762798,0.004422
1326044401090000,0.777460,0.774912,0.001864
1326044401100000,0.774457,0.772987,-0.000257
1326044401110000,0.790746,0.780986,0.006398
1326044401120000,0.798442,0.791378,-0.001830
1326044401130000,0.797883,0.790006,0.002330
1326044401140000,0.814727,0.809919,-0.003065
1326044401150000,0.815842,0.808034,-0.000488
1326044401160000,0.816184,0.817560,-0.002696
1326044401170000,0.825773,0.825919,0.000515
1326044401180000,0.840382,0.834250,0.000112
1326044401190000,0.846407,0.839404,-0.000615
1326044401200000,0.843576,0.847853,0.002184
1326044401210000,0.855244,0.854960,-0.001134
1326044401220000,0.864031,0.860092,0.000654
1326044401230000,0.867550,0.865529,0.001641
1326044401240000,0.888950,0.881871,-0.002966
1326044401250000,0.885404,0.873009,-0.001497
1326044401260000,0.891000,0.889571,0.000108
1326044401270000,0.904337,0.895323,0.001260
1326044401280000,0.903631,0.906830,0.002842
1326044401290000,0.917568,0.904533,-0.000432
1326044401300000,0.911266,0.916374,-0.000633
1326044401310000,0.924410,0.925429,-0.001745
1326044401320000,0.938998,0.938360,0.000660
1326044401330000,0.948677,0.941738,-0.000594
1326044401340000,0.944034,0.941228,-0.000548
1326044401350000,0.950525,0.951777,-0.000188
1326044401360000,0.964885,0.965713,0.001103
1326044401370000,0.966007,0.962347,-0.001127
1326044401380000,0.974853,0.975026,-0.001544
1326044401390000,0.987652,0.982441,0.000863
1326044401400000,0.987623,0.987626,-0.006051
1326044401410000,0.987590,1.010102,-0.001207
1326044401420000,0.997986,1.001628,-0.002303
1326044401430000,1.011615,1.013009,0.002407
1326044401440000,1.009322,1.013997,-0.000882
1326044401450000,1.024227,1.027535,-0.001121
1326044401460000,1.025826,1.036319,-0.000097
1326044401470000,1.048060,1.036093,-0.001191
1326044401480000,1.057760,1.045828,-0.000805
1326044401490000,1.048718,1.048693,0.000194
1326044401500000,1.062366,1.054516,-0.000844
1326044401510000,1.063354,1.072490,-0.000858
1326044401520000,1.073684,1.071604,-0.002020
1326044401530000,1.091321,1.069374,-0.002308
1326044401540000,1.087044,1.097338,0.000121
1326044401550000,1.095022,1.091569,0.000613
1326044401560000,1.098813,1.101415,-0.002856
1326044401570000,1.116331,1.117920,0.001520
1326044401580000,1.101357,1.116075,0.001528
1326044401590000,1.122533,1.123035,0.001949
1326044401600000,1.131592,1.124779,0.000600
1326044401610000,1.135590,1.129814,0.001274
1326044401620000,1.150287,1.144225,0.004370
1326044401630000,1.159053,1.153939,-0.000603
1326044401640000,1.153057,1.160721,-0.002091
1326044401650000,1.177658,1.163855,-0.003068
1326044401660000,1.167148,1.173431,0.003511
1326044401670000,1.187782,1.171212,0.003538
1326044401680000,1.189161,1.189767,-0.001849
1326044401690000,1.192968,1.195342,-0.001455
1326044401700000,1.200513,1.211471,-0.000648
1326044401710000,1.209466,1.208708,0.002449
1326044401720000,1.217750,1.211026,-0.002575
1326044401730000,1.219181,1.222554,-0.003933
1326044401740000,1.229686,1.228237,0.004335
1326044401750000,1.234076,1.239118,0.000625
1326044401760000,1.238928,1.244147,0.000909
1326044401770000,1.247991,1.244781,-0.000410
1326044401780000,1.253401,1.249970,0.000932
1326044401790000,1.264124,1.266532,-0.003028
1326044401800000,1.275461,1.279201,-0.001682
1326044401810000,1.280976,1.279750,0.000210
1326044401820000,1.297318,1.290488,-0.004542
1326044401830000,1.283468,1.298554,-0.000605
1326044401840000,1.303941,1.301892,-0.000728
1326044401850000,1.308700,1.303554,-0.000605
1326044401860000,1.319821,1.315671,-0.001102
1326044401870000,1.326398,1.327798,-0.001992
1326044401880000,1.329065,1.331481,-0.003644
1326044401890000,1.337827,1.339641,0.000289
1326044401900000,1.340317,1.340655,-0.000600
1326044401910000,1.354180,1.349024,-0.002751
1326044401920000,1.348791,1.356511,0.000125
1326044401930000,1.369143,1.363916,-0.000590
1326044401940000,1.372217,1.377081,-0.000922
1326044401950000,1.376972,1.366573,-0.004314
1326044401960000,1.385318,1.385530,0.001366
1326044401970000,1.392759,1.392048,-0.002466
1326044401980000,1.407115,1.392656,0.000127
1326044401990000,1.423870,1.409941,-0.001617
1326044402000000,1.420876,1.410028,-0.000777
1326044402010000,1.419024,1.418933,0.002305
1326044402020000,1.432073,1.437031,0.001063
1326044402030000,1.439365,1.439905,0.002260
1326044402040000,1.438446,1.444796,0.000661
1326044402050000,1.443842,1.450896,0.000792
1326044402060000,1.456903,1.455236,-0.003562
1326044402070000,1.468332,1.473125,-0.000635
1326044402080000,1.463309,1.474207,-0.000450
1326044402090000,1.474837,1.473517,0.002447
1326044402100000,1.488379,1.477332,-0.001012
1326044402110000,1.492798,1.494235,0.000530
1326044402120000,1.506744,1.498190,0.000452
1326044402130000,1.499680,1.498393,0.002315
1326044402140000,1.525572,1.514749,-0.000267
1326044402150000,1.513195,1.518329,0.001656
1326044402160000,1.517813,1.529396,-0.003410
1326044402170000,1.534738,1.536019,-0.003228
1326044402180000,1.536434,1.537838,-0.004567
1326044402190000,1.548987,1.551111,0.001572
1326044402200000,1.555886,1.552526,0.001347
1326044402210000,1.562349,1.559919,0.001794
1326044402220000,1.566190,1.566491,-0.001355
1326044402230000,1.579639,1.581875,-0.001127
1326044402240000,1.582963,1.581886,-0.000242
1326044402250000,1.597142,1.597219,0.002887
1326044402260000,1.597796,1.606342,0.003388
1326044402270000,1.600948,1.600800,0.001588
1326044402280000,1.604407,1.596956,0.000662
1326044402290000,1.619059,1.623852,0.002671
1326044402300000,1.620647,1.623988,-0.000512
1326044402310000,1.627317,1.628435,-0.000782
1326044402320000,1.643778,1.636891,-0.000258
1326044402330000,1.639326,1.644829,-0.001957
1326044402340000,1.662350,1.660457,-0.000350
1326044402350000,1.663161,1.661839,-0.002235
1326044402360000,1.669217,1.674525,0.002050
1326044402370000,1.671336,1.677647,0.001087
1326044402380000,1.687406,1.680698,0.002859
1326044402390000,1.690643,1.687360,-0.003259
1326044402400000,1.694301,1.699188,0.003803
1326044402410000,1.705805,1.707551,-0.003145
1326044402420000,1.703466,1.715501,-0.002397
1326044402430000,1.710777,1.716277,-0.001242
1326044402440000,1.720426,1.725529,0.002615
1326044402450000,1.734849,1.734642,0.000451
1326044402460000,1.740159,1.736870,-0.000488
1326044402470000,1.752494,1.740183,-0.001585
1326044402480000,1.749723,1.748895,-0.002752
1326044402490000,1.764270,1.758790,0.002265
1326044402500000,1.767901,1.770374,0.001597
1326044402510000,1.770829,1.780426,0.002705
1326044402520000,1.784545,1.774419,0.000794
1326044402530000,1.789362,1.785281,-0.005284
1326044402540000,1.793621,1.793547,-0.002489
1326044402550000,1.804050,1.806378,0.000930
1326044402560000,1.810266,1.806832,-0.000739
1326044402570000,1.817219,1.814392,-0.001118
1326044402580000,1.822999,1.816549,-0.002206
1326044402590000,1.825611,1.833094,0.001895
1326044402600000,1.839583,1.836938,0.000912
1326044402610000,1.842270,1.841543,0.001002
1326044402620000,1.848256,1.850584,-0.001267
1326044402630000,1.859228,1.864585,0.000353
1326044402640000,1.871175,1.860994,-0.002676
1326044402650000,1.875507,1.868878,-0.000260
1326044402660000,1.878997,1.886416,-0.005056
1326044402670000,1.885870,1.887602,-0.003136
1326044402680000,1.898980,1.897640,-0.000645
1326044402690000,1.890891,1.903368,0.004750
1326044402700000,1.913935,1.908251,-0.003601
1326044402710000,1.907652,1.913755,-0.002487
1326044402720000,1.917019,1.926722,0.000434
1326044402730000,1.928599,1.935444,0.003539
1326044402740000,1.949094,1.942122,0.000404
1326044402750000,1.953705,1.937842,0.001404
1326044402760000,1.955924,1.957362,-0.000675
1326044402770000,1.961248,1.956116,-0.001021
1326044402780000,1.957228,1.961199,0.000164
1326044402790000,1.974397,1.971196,-0.001317
1326044402800000,1.977941,1.983266,0.001449
1326044402810000,1.983678,1.988881,-0.003213
1326044402820000,1.995609,1.991970,0.001780
1326044402830000,1.999553,2.004504,0.000079
1326044402840000,2.013329,2.008083,-0.000429
1326044402850000,2.006377,2.011587,-0.003286
1326044402860000,2.023506,2.017980,-0.001960
1326044402870000,2.025809,2.030639,0.002397
1326044402880000,2.035230,2.035244,-0.000417
1326044402890000,2.045875,2.035847,0.000557
1326044402900000,2.045839,2.054029,-0.001759
1326044402910000,2.059321,2.054460,-0.000058
1326044402920000,2.064512,2.071890,-0.002744
1326044402930000,2.069345,2.063983,0.000200
1326044402940000,2.077369,2.077162,0.000741
1326044402950000,2.086023,2.081634,0.000641
1326044402960000,2.090030,2.087325,-0.001807
1326044402970000,2.100979,2.096837,-0.000684
1326044402980000,2.106626,2.115192,0.001074
1326044402990000,2.112035,2.114124,-0.000423
1326044403000000,2.130114,2.116517,-0.000575
1326044403010000,2.131315,2.118401,0.003807
1326044403020000,2.134399,2.126005,-0.001902
1326044403030000,2.144116,2.138998,0.002161
1326044403040000,2.145326,2.145580,-0.002309
1326044403050000,2.155350,2.154697,0.001310
1326044403060000,2.163008,2.151524,0.001416
1326044403070000,2.165448,2.169495,-0.001021
1326044403080000,2.180693,2.182160,-0.002435
1326044403090000,2.183302,2.192204,-0.003941
1326044403100000,2.191126,2.181686,-0.001230
1326044403110000,2.197134,2.194219,0.001052
1326044403120000,2.221847,2.201023,-0.002155
1326044403130000,2.210812,2.213091,0.000194
1326044403140000,2.210856,2.213332,-0.002953
1326044403150000,2.220273,2.234911,-0.000468
1326044403160000,2.239143,2.233785,-0.002294
1326044403170000,2.249103,2.240020,-0.000156
1326044403180000,2.246086,2.255668,-0.001002
1326044403190000,2.262963,2.254692,-0.002381
1326044403200000,2.267350,2.263842,-0.001318
1326044403210000,2.269769,2.265155,-0.001868
1326044403220000,2.276488,2.269125,-0.002628
1326044403230000,2.285768,2.279994,0.002165
1326044403240000,2.296325,2.301048,-0.000720
1326044403250000,2.300998,2.300347,-0.004404
1326044403260000,2.302702,2.305623,-0.001247
1326044403270000,2.312289,2.306436,0.001829
1326044403280000,2.330140,2.322943,-0.001523
1326044403290000,2.328563,2.318666,0.002995
1326044403300000,2.338728,2.324688,-0.001713
1326044403310000,2.344155,2.336797,0.001007
1326044403320000,2.349896,2.356432,0.002073
1326044403330000,2.356146,2.363217,0.000900
1326044403340000,2.367164,2.358540,-0.002749
1326044403350000,2.373344,2.364493,-0.001885
1326044403360000,2.378144,2.366731,0.002340
1326044403370000,2.380430,2.382391,-0.001609
1326044403380000,2.392900,2.389879,0.001951
1326044403390000,2.397711,2.400085,-0.000861
1326044403400000,2.403579,2.407759,0.000283
1326044403410000,2.425588,2.409287,-0.002772
1326044403420000,2.411573,2.420122,-0.001217
1326044403430000,2.431134,2.420907,-0.001751
1326044403440000,2.429102,2.434164,0.000451
1326044403450000,2.441146,2.436011,0.000186
1326044403460000,2.460406,2.447912,0.000925
1326044403470000,2.449825,2.454576,-0.000981
1326044403480000,2.458092,2.460096,-0.001860
1326044403490000,2.468697,2.470793,0.000365
1326044403500000,2.471623,2.466036,-0.002059
1326044403510000,2.487353,2.475632,0.002157
1326044403520000,2.487334,2.486674,-0.000229
1326044403530000,2.500351,2.487877,-0.000652
1326044403540000,2.497509,2.500127,0.000924
1326044403550000,2.502194,2.507356,-0.000153
1326044403560000,2.517157,2.522846,-0.003316
1326044403570000,2.517534,2.524079,-0.002123
1326044403580000,2.540041,2.535581,0.002115
1326044403590000,2.531875,2.539011,0.000168
1326044403600000,2.541409,2.541892,-0.003363
1326044403610000,2.555740,2.552307,0.000704
1326044403620000,2.557814,2.562354,-0.001119
1326044403630000,2.560227,2.571742,-0.001749
1326044403640000,2.585093,2.572182,-0.002290
1326044403650000,2.576959,2.571674,0.002000
1326044403660000,2.588060,2.578391,-0.003931
1326044403670000,2.595069,2.592416,-0.001675
1326044403680000,2.606740,2.589427,0.000240
1326044403690000,2.612574,2.617160,0.003157
1326044403700000,2.613203,2.618238,0.001108
1326044403710000,2.622781,2.619143,-0.001692
1326044403720000,2.630350,2.623841,0.003059
1326044403730000,2.642303,2.641599,-0.002710
1326044403740000,2.639791,2.637958,0.000531
1326044403750000,2.662797,2.645503,0.000976
1326044403760000,2.655984,2.653833,-0.001762
1326044403770000,2.666810,2.665301,0.001395
1326044403780000,2.668128,2.674903,-0.001028
1326044403790000,2.674511,2.684831,0.001390
1326044403800000,2.683703,2.691161,-0.003679
1326044403810000,2.690297,2.693008,0.000670
1326044403820000,2.700152,2.705175,-0.000824
1326044403830000,2.704402,2.703785,0.002299
1326044403840000,2.719849,2.705104,-0.000088
1326044403850000,2.719530,2.717921,0.002498
1326044403860000,2.726050,2.724314,0.001015
1326044403870000,2.735628,2.732254,-0.000255
1326044403880000,2.749631,2.737685,0.001575
1326044403890000,2.752815,2.747244,0.001588
1326044403900000,2.758316,2.759718,0.000944
1326044403910000,2.758723,2.772263,-0.004585
1326044403920000,2.767248,2.762128,-0.001965
1326044403930000,2.773644,2.771384,0.002768
1326044403940000,2.793644,2.780934,-0.002512
1326044403950000,2.796836,2.795788,0.001765
1326044403960000,2.796949,2.798003,0.001413
1326044403970000,2.805510,2.802475,-0.001452
1326044403980000,2.811279,2.816748,-0.003990
1326044403990000,2.818050,2.825014,-0.001138
1326044404000000,2.831855,2.827207,0.004156
1326044404010000,2.835189,2.830288,-0.001727
1326044404020000,2.854107,2.842789,-0.001589
1326044404030000,2.857027,2.847339,-0.001995
1326044404040000,2.864396,2.854369,0.002430
1326044404050000,2.868279,2.860080,-0.000486
1326044404060000,2.869883,2.874335,-0.001252
1326044404070000,2.882059,2.878028,0.002827
1326044404080000,2.884400,2.889025,0.001159
1326044404090000,2.901369,2.897597,-0.001839
1326044404100000,2.902313,2.900278,-0.002447
1326044404110000,2.908678,2.902519,0.002316
1326044404120000,2.915075,2.917321,0.000034
1326044404130000,2.930215,2.921516,-0.003098
1326044404140000,2.921419,2.939273,-0.003566
1326044404150000,2.944853,2.934875,-0.002232
1326044404160000,2.941804,2.943881,-0.002479
1326044404170000,2.942778,2.948913,-0.004092
1326044404180000,2.953122,2.954034,-0.002199
1326044404190000,2.955703,2.960304,-0.001838
1326044404200000,2.974299,2.970137,-0.000925
1326044404210000,2.972913,2.978340,0.003386
1326044404220000,2.986022,2.988574,-0.000534
1326044404230000,2.997923,2.991415,-0.000335
1326044404240000,2.995966,2.994624,0.001019
1326044404250000,3.005060,3.002373,-0.000475
1326044404260000,3.006957,3.004461,0.000800
1326044404270000,3.018606,3.026450,0.000561
1326044404280000,3.040492,3.022506,0.000245
1326044404290000,3.038585,3.037117,0.005533
1326044404300000,3.040446,3.040731,0.001822
1326044404310000,3.045785,3.047935,-0.002163
1326044404320000,3.055704,3.052898,0.000740
1326044404330000,3.063641,3.056614,-0.001583
1326044404340000,3.067970,3.062779,0.000893
1326044404350000,3.079789,3.083332,-0.002750
1326044404360000,3.079446,3.082328,-0.002216
1326044404370000,3.086495,3.094452,0.000688
1326044404380000,3.100212,3.102819,0.001995
1326044404390000,3.099591,3.100908,0.001005
1326044404400000,3.116153,3.112148,0.001708
1326044404410000,3.119511,3.117324,0.000748
1326044404420000,3.117517,3.118381,0.000345
1326044404430000,3.134278,3.130308,-0.001007
1326044404440000,3.132378,3.141241,0.001626
1326044404450000,3.151345,3.142877,0.002050
1326044404460000,3.153708,3.150816,-0.000126
1326044404470000,3.171281,3.158642,-0.000234
1326044404480000,3.174456,3.177134,0.003183
1326044404490000,3.170870,3.164475,-0.000041
1326044404500000,3.173144,3.183222,0.000151
1326044404510000,3.186546,3.186515,0.000968
1326044404520000,3.191289,3.191647,-0.000196
1326044404530000,3.213598,3.200529,-0.001641
1326044404540000,3.211491,3.212323,0.000756
1326044404550000,3.223284,3.219677,-0.000078
1326044404560000,3.224265,3.224053,0.003684
1326044404570000,3.231866,3.235655,0.001577
1326044404580000,3.239675,3.243603,-0.001191
1326044404590000,3.252445,3.248409,0.001458
1326044404600000,3.255544,3.248665,0.000616
1326044404610000,3.255773,3.260936,0.002619
1326044404620000,3.276246,3.268028,-0.001049
1326044404630000,3.273744,3.268522,0.000377
1326044404640000,3.280004,3.271822,-0.000198
1326044404650000,3.275208,3.276623,0.000117
1326044404660000,3.299601,3.294155,-0.001770
1326044404670000,3.304008,3.302364,0.001152
1326044404680000,3.311077,3.302033,0.000836
1326044404690000,3.315637,3.320240,0.002570
1326044404700000,3.321849,3.322839,-0.000020
1326044404710000,3.329951,3.335894,-0.000824
1326044404720000,3.341188,3.338068,0.001579
1326044404730000,3.349142,3.337951,-0.001588
1326044404740000,3.351865,3.352643,0.002170
1326044404750000,3.364839,3.360770,0.002166
1326044404760000,3.366773,3.361750,0.002515
1326044404770000,3.371721,3.364346,0.000753
1326044404780000,3.382308,3.379126,-0.000973
1326044404790000,3.381593,3.380688,0.000218
1326044404800000,3.396627,3.398365,0.000760
1326044404810000,3.394827,3.397793,-0.001120
1326044404820000,3.404473,3.415520,0.002666
1326044404830000,3.406592,3.403345,0.001160
1326044404840000,3.422884,3.421708,-0.001784
1326044404850000,3.438881,3.435249,0.003766
1326044404860000,3.437322,3.430719,0.000195
1326044404870000,3.448199,3.441443,-0.002188
1326044404880000,3.463816,3.447292,-0.001661
1326044404890000,3.461149,3.452956,0.002976
1326044404900000,3.462376,3.464667,0.003650
1326044404910000,3.470139,3.464035,0.002019
1326044404920000,3.480354,3.477025,0.002639
1326044404930000,3.484260,3.487228,0.002433
1326044404940000,3.491708,3.490641,0.001114
1326044404950000,3.506498,3.493784,0.000658
1326044404960000,3.513777,3.511004,0.001080
1326044404970000,3.507485,3.516572,0.001472
1326044404980000,3.518703,3.514783,-0.001483
1326044404990000,3.527547,3.520587,0.001464
1326044405000000,3.539937,3.529366,0.002917
1326044405010000,3.549731,3.543921,-0.000413
1326044405020000,3.564599,3.549640,-0.000626
1326044405030000,3.555835,3.559281,0.000953
1326044405040000,3.563158,3.560768,-0.001299
1326044405050000,3.575254,3.564843,-0.002634
1326044405060000,3.575974,3.581130,0.002295
1326044405070000,3.585754,3.580836,-0.000902
1326044405080000,3.591457,3.591605,0.000037
1326044405090000,3.587498,3.589991,-0.001220
1326044405100000,3.608296,3.601959,0.002554
1326044405110000,3.613842,3.616924,0.001706
1326044405120000,3.628184,3.615364,-0.000481
1326044405130000,3.628929,3.630086,-0.002360
1326044405140000,3.629702,3.621426,-0.000694
1326044405150000,3.641759,3.637353,0.001140
1326044405160000,3.639668,3.646361,0.000377
1326044405170000,3.651143,3.662999,0.000218
1326044405180000,3.667449,3.655509,0.000423
1326044405190000,3.670108,3.671778,0.001518
1326044405200000,3.683032,3.680776,-0.000084
1326044405210000,3.675658,3.678952,0.000900
1326044405220000,3.691354,3.687760,-0.001974
1326044405230000,3.697263,3.697404,0.005108
1326044405240000,3.711494,3.696357,-0.000568
1326044405250000,3.717152,3.708557,0.000407
1326044405260000,3.724074,3.724281,0.001133
1326044405270000,3.735643,3.727582,-0.000822
1326044405280000,3.733170,3.731253,0.000016
1326044405290000,3.748759,3.739671,-0.000009
1326044405300000,3.743937,3.749078,-0.001828
1326044405310000,3.750827,3.757104,0.000877
1326044405320000,3.767069,3.757528,-0.003298
1326044405330000,3.762856,3.775052,0.003505
1326044405340000,3.780317,3.781028,0.001586
1326044405350000,3.785034,3.784901,0.001278
1326044405360000,3.796960,3.784368,-0.003473
1326044405370000,3.798378,3.790550,-0.001585
1326044405380000,3.806029,3.801086,0.002779
1326044405390000,3.815369,3.810092,0.008302
1326044405400000,3.816583,3.808014,0.002389
1326044405410000,3.823440,3.826398,0.002074
1326044405420000,3.836417,3.837430,0.001050
1326044405430000,3.840972,3.840943,-0.001695
1326044405440000,3.846156,3.841749,0.001990
1326044405450000,3.854852,3.848225,-0.002202
1326044405460000,3.870313,3.860765,-0.002421
1326044405470000,3.867199,3.865567,-0.002547
1326044405480000,3.874128,3.875617,0.001951
1326044405490000,3.875024,3.883479,-0.000115
1326044405500000,3.890424,3.892998,0.000202
1326044405510000,3.900994,3.888946,-0.000031
1326044405520000,3.908964,3.902783,-0.002251
1326044405530000,3.912398,3.906926,-0.001341
1326044405540000,3.923710,3.915318,-0.001241
1326044405550000,3.929661,3.927202,-0.002811
1326044405560000,3.938644,3.934814,-0.001008
1326044405570000,3.945074,3.944008,-0.002163
1326044405580000,3.955076,3.946212,0.001155
1326044405590000,3.953452,3.950603,0.001322
1326044405600000,3.954739,3.956957,-0.002587
1326044405610000,3.971767,3.956615,-0.000593
1326044405620000,3.979425,3.979056,0.003712
1326044405630000,3.990446,3.977816,-0.001962
1326044405640000,3.996076,3.989024,0.000853
1326044405650000,4.006471,3.996957,0.000211
1326044405660000,4.006917,3.994404,0.002186
1326044405670000,4.012036,4.003082,0.000591
1326044405680000,4.011040,4.022502,-0.000863
1326044405690000,4.026580,4.023287,0.000134
1326044405700000,4.029351,4.026001,0.000163
1326044405710000,4.040245,4.035340,-0.000183
1326044405720000,4.046533,4.048471,-0.002638
1326044405730000,4.055693,4.054780,0.002486
1326044405740000,4.059922,4.049846,0.002133
1326044405750000,4.072158,4.072416,-0.002088
1326044405760000,4.060941,4.076144,-0.000601
1326044405770000,4.082580,4.077619,-0.000450
1326044405780000,4.094717,4.079491,-0.002313
1326044405790000,4.105128,4.097788,-0.003734
1326044405800000,4.106512,4.101968,-0.001341
1326044405810000,4.118350,4.099365,-0.000713
1326044405820000,4.117844,4.112562,-0.002882
1326044405830000,4.124088,4.136422,0.000354
1326044405840000,4.133795,4.127942,0.002326
1326044405850000,4.138205,4.131217,0.001684
1326044405860000,4.141383,4.136953,-0.000253
1326044405870000,4.149793,4.157924,-0.003681
1326044405880000,4.153882,4.160371,0.001431
1326044405890000,4.169159,4.170238,0.000293
1326044405900000,4.173648,4.171509,0.000849
1326044405910000,4.178863,4.183607,0.003872
1326044405920000,4.184905,4.180163,-0.001650
1326044405930000,4.197338,4.192286,-0.005750
1326044405940000,4.205789,4.199977,-0.002107
1326044405950000,4.203308,4.212522,0.000972
1326044405960000,4.209596,4.214272,0.000054
1326044405970000,4.227881,4.216619,-0.002431
1326044405980000,4.223306,4.227135,-0.002839
1326044405990000,4.239993,4.225501,-0.000709
1326044406000000,4.252414,4.229346,-0.002492
1326044406010000,4.259500,4.252176,0.001041
1326044406020000,4.262167,4.253214,-0.000823
1326044406030000,4.269095,4.260849,-0.001254
1326044406040000,4.283885,4.273379,-0.001517
1326044406050000,4.268027,4.283277,0.000526
1326044406060000,4.284451,4.286033,0.000085
1326044406070000,4.298089,4.300069,0.000404
1326044406080000,4.299234,4.300011,0.000360
1326044406090000,4.314193,4.306076,-0.000144
1326044406100000,4.314872,4.312836,-0.002066
1326044406110000,4.322801,4.312274,-0.001461
1326044406120000,4.327843,4.330550,-0.000789
1326044406130000,4.333678,4.320611,0.004130
1326044406140000,4.340628,4.336975,-0.002698
1326044406150000,4.351794,4.347090,-0.000838
1326044406160000,4.353639,4.350094,0.000197
1326044406170000,4.369352,4.358853,-0.000607
1326044406180000,4.374926,4.377376,0.002148
1326044406190000,4.384230,4.380768,-0.000617
1326044406200000,4.380163,4.378887,-0.000469
1326044406210000,4.384384,4.387037,0.001629
1326044406220000,4.399934,4.390068,0.003621
1326044406230000,4.421523,4.407046,0.002815
1326044406240000,4.420434,4.409340,-0.000273
1326044406250000,4.418404,4.407825,-0.000099
1326044406260000,4.430373,4.425230,0.000093
1326044406270000,4.438962,4.433989,0.000294
1326044406280000,4.435556,4.443678,-0.001695
1326044406290000,4.456320,4.445564,0.001873
1326044406300000,4.455709,4.451135,0.000413
1326044406310000,4.463167,4.469998,-0.000090
1326044406320000,4.470813,4.467168,-0.002542
1326044406330000,4.483490,4.477801,0.000125
1326044406340000,4.481066,4.478574,-0.003786
1326044406350000,4.483381,4.491789,-0.001163
1326044406360000,4.500604,4.488130,-0.001126
1326044406370000,4.495845,4.500166,0.000574
1326044406380000,4.511632,4.503503,0.003760
1326044406390000,4.526145,4.513588,0.001144
1326044406400000,4.530180,4.529934,0.002897
1326044406410000,4.539571,4.527688,0.001290
1326044406420000,4.544534,4.541409,0.002250
1326044406430000,4.560558,4.552472,0.003714
1326044406440000,4.552639,4.551816,-0.001464
1326044406450000,4.564645,4.563991,-0.001594
1326044406460000,4.567538,4.568746,0.001338
1326044406470000,4.581586,4.573741,-0.000007
1326044406480000,4.583568,4.583979,0.000441
1326044406490000,4.599544,4.596495,-0.000497
1326044406500000,4.595370,4.591177,-0.001193
1326044406510000,4.612133,4.596636,0.003242
1326044406520000,4.615137,4.603411,-0.002200
1326044406530000,4.619083,4.620541,0.001373
1326044406540000,4.629031,4.628284,0.001048
1326044406550000,4.634699,4.627020,-0.003158
1326044406560000,4.642247,4.626093,-0.001662
1326044406570000,4.646507,4.640468,-0.001325
1326044406580000,4.651107,4.653649,0.001129
1326044406590000,4.660013,4.657644,-0.000734
1326044406600000,4.660347,4.665948,-0.000171
1326044406610000,4.680046,4.669498,-0.002915
1326044406620000,4.676735,4.684253,0.004652
1326044406630000,4.688896,4.687967,0.000142
1326044406640000,4.700298,4.696252,0.000998
1326044406650000,4.708329,4.701183,-0.001081
1326044406660000,4.702333,4.710078,-0.001305
1326044406670000,4.717821,4.716817,0.003825
1326044406680000,4.727652,4.716952,-0.003833
1326044406690000,4.732688,4.730526,0.000557
1326044406700000,4.746222,4.739686,-0.002423
1326044406710000,4.742466,4.748573,-0.000810
1326044406720000,4.743404,4.751946,-0.001276
1326044406730000,4.764775,4.752107,-0.001972
1326044406740000,4.765112,4.759945,0.000071
1326044406750000,4.766078,4.768894,-0.005136
1326044406760000,4.781152,4.779086,-0.000631
1326044406770000,4.795171,4.784595,-0.000181
1326044406780000,4.789776,4.786656,-0.002719
1326044406790000,4.814846,4.793694,0.003026
1326044406800000,4.806051,4.795919,-0.001189
1326044406810000,4.817749,4.797882,-0.000475
1326044406820000,4.818292,4.819889,-0.001184
1326044406830000,4.831670,4.839217,-0.000163
1326044406840000,4.837867,4.843668,0.002616
1326044406850000,4.838162,4.836861,0.004946
1326044406860000,4.866813,4.849570,0.001491
1326044406870000,4.857281,4.848566,0.002176
1326044406880000,4.864359,4.856397,0.003433
1326044406890000,4.878750,4.864038,0.000498
1326044406900000,4.890050,4.875966,0.003141
1326044406910000,4.893685,4.883250,0.001585
1326044406920000,4.889121,4.892494,0.000288
1326044406930000,4.903270,4.901615,0.000701
1326044406940000,4.899868,4.903682,-0.003643
1326044406950000,4.920857,4.912616,0.000584
1326044406960000,4.915246,4.914034,-0.003087
1326044406970000,4.926480,4.919849,-0.003251
1326044406980000,4.937554,4.926145,0.000386
1326044406990000,4.946869,4.943954,-0.002228
1326044407000000,4.950413,4.946087,-0.000014
1326044407010000,4.966387,4.945489,0.000277
1326044407020000,4.969482,4.961597,0.000366
1326044407030000,4.976163,4.962737,-0.001808
1326044407040000,4.973866,4.984351,0.001797
1326044407050000,4.995584,4.980223,-0.000178
1326044407060000,4.990146,4.993593,0.000882
1326044407070000,5.009923,5.002699,-0.002393
1326044407080000,5.018420,4.999548,-0.000357
1326044407090000,5.017946,5.011771,0.002195
1326044407100000,5.027617,5.021226,0.001940
1326044407110000,5.014116,5.026105,-0.001595
1326044407120000,5.035629,5.034401,-0.001091
1326044407130000,5.049189,5.033015,-0.001977
1326044407140000,5.055375,5.049502,-0.001313
1326044407150000,5.051728,5.051369,-0.002798
1326044407160000,5.063431,5.062616,-0.000276
1326044407170000,5.059292,5.072536,0.001266
1326044407180000,5.081113,5.078349,-0.001570
1326044407190000,5.076705,5.083817,-0.000181
1326044407200000,5.098848,5.092352,-0.000441
1326044407210000,5.106183,5.099652,0.002110
1326044407220000,5.104971,5.110755,-0.001223
1326044407230000,5.117024,5.110176,-0.001150
1326044407240000,5.120406,5.118234,-0.001692
1326044407250000,5.129774,5.129143,-0.002275
1326044407260000,5.129903,5.129099,0.001058
1326044407270000,5.145825,5.131943,-0.000270
1326044407280000,5.141581,5.148153,0.000110
1326044407290000,5.147711,5.151725,0.002549
1326044407300000,5.163325,5.153786,0.002664
1326044407310000,5.169952,5.169395,-0.003292
1326044407320000,5.179444,5.181116,0.001296
1326044407330000,5.181908,5.172880,0.000451
1326044407340000,5.201658,5.193208,-0.000923
1326044407350000,5.200107,5.182480,0.000655
1326044407360000,5.207542,5.200232,-0.003453
1326044407370000,5.214438,5.218504,0.002925
1326044407380000,5.225540,5.214728,0.001030
1326044407390000,5.230479,5.223888,-0.001730
1326044407400000,5.236883,5.234321,-0.001171
1326044407410000,5.245427,5.228992,-0.003406
1326044407420000,5.239698,5.245003,-0.000628
1326044407430000,5.246961,5.252032,-0.000965
1326044407440000,5.262588,5.268091,-0.002650
1326044407450000,5.269054,5.259669,0.001553
1326044407460000,5.280016,5.271008,0.002554
1326044407470000,5.284290,5.275342,-0.000055
1326044407480000,5.294174,5.281880,-0.000611
1326044407490000,5.292110,5.299758,0.000870
1326044407500000,5.305358,5.301322,-0.000039
1326044407510000,5.305781,5.305479,-0.002164
1326044407520000,5.321494,5.312736,-0.001305
1326044407530000,5.317242,5.319577,-0.000593
1326044407540000,5.335449,5.327093,0.000496
1326044407550000,5.333436,5.330208,0.000019
1326044407560000,5.345938,5.342305,0.000421
1326044407570000,5.359404,5.348871,-0.003050
1326044407580000,5.363140,5.353946,0.001330
1326044407590000,5.360849,5.365578,0.000007
1326044407600000,5.372789,5.373071,0.005105
1326044407610000,5.375718,5.376156,-0.000775
1326044407620000,5.381825,5.385287,0.000647
1326044407630000,5.397961,5.403869,0.005658
1326044407640000,5.407248,5.410747,0.000388
1326044407650000,5.413723,5.401942,-0.000135
1326044407660000,5.421607,5.409709,-0.001974
1326044407670000,5.425608,5.416052,0.003057
1326044407680000,5.431375,5.433703,-0.002318
1326044407690000,5.434450,5.433493,0.000854
1326044407700000,5.444689,5.443752,-0.000947
1326044407710000,5.447357,5.459607,-0.000379
1326044407720000,5.456812,5.456638,-0.002848
1326044407730000,5.468556,5.467290,0.002686
1326044407740000,5.474596,5.473429,-0.000556
1326044407750000,5.497583,5.474954,-0.002430
1326044407760000,5.482604,5.490259,0.002505
1326044407770000,5.495781,5.487783,-0.001008
1326044407780000,5.496362,5.505799,0.000669
1326044407790000,5.508616,5.503231,0.001683
1326044407800000,5.515893,5.510847,0.000948
1326044407810000,5.528927,5.514862,-0.004393
1326044407820000,5.529528,5.522752,0.001391
1326044407830000,5.537894,5.532307,-0.000201
1326044407840000,5.543772,5.529353,-0.000658
1326044407850000,5.545993,5.547411,-0.000218
1326044407860000,5.556811,5.553106,-0.003220
1326044407870000,5.565236,5.566664,0.000384
1326044407880000,5.574589,5.571897,-0.002729
1326044407890000,5.584088,5.573312,-0.000572
1326044407900000,5.587194,5.581626,0.000313
1326044407910000,5.594180,5.589814,0.002148
1326044407920000,5.593911,5.605485,-0.001639
1326044407930000,5.612288,5.601012,0.002903
1326044407940000,5.613183,5.608593,0.001894
1326044407950000,5.627472,5.613617,-0.000859
1326044407960000,5.637393,5.618918,-0.002217
1326044407970000,5.636945,5.634932,-0.002888
1326044407980000,5.639842,5.641479,0.000544
1326044407990000,5.651949,5.653947,-0.001475
1326044408000000,5.660850,5.659808,0.002399
1326044408010000,5.664602,5.673655,-0.001359
1326044408020000,5.670434,5.668369,-0.001801
1326044408030000,5.683145,5.674504,0.000467
1326044408040000,5.689890,5.676373,-0.001372
1326044408050000,5.692744,5.693426,0.000017
1326044408060000,5.693279,5.697604,0.001972
1326044408070000,5.710905,5.707336,0.000234
1326044408080000,5.711861,5.705452,0.000242
1326044408090000,5.723843,5.719974,0.000410
1326044408100000,5.730601,5.726310,-0.003386
1326044408110000,5.727474,5.733047,0.000784
1326044408120000,5.744398,5.736004,0.000320
1326044408130000,5.753639,5.752435,0.001786
1326044408140000,5.761326,5.763809,0.001212
1326044408150000,5.765801,5.755074,-0.000404
1326044408160000,5.762402,5.771296,0.002065
1326044408170000,5.785748,5.760372,-0.000585
1326044408180000,5.788491,5.785173,0.000494
1326044408190000,5.787493,5.779547,-0.000622
1326044408200000,5.796645,5.793342,0.000924
1326044408210000,5.808814,5.796470,-0.000753
1326044408220000,5.818130,5.809025,0.003295
1326044408230000,5.819366,5.821365,0.004035
1326044408240000,5.833007,5.814953,0.001748
1326044408250000,5.826989,5.829510,0.003083
1326044408260000,5.837815,5.835809,-0.003078
1326044408270000,5.839779,5.853349,-0.002843
1326044408280000,5.852688,5.854671,-0.000643
1326044408290000,5.871789,5.853695,0.000082
1326044408300000,5.881612,5.864293,-0.000396
1326044408310000,5.879569,5.881498,-0.003284
1326044408320000,5.882278,5.884357,0.002303
1326044408330000,5.891436,5.883263,0.004308
1326044408340000,5.901985,5.893587,0.002562
1326044408350000,5.898877,5.900815,0.002171
1326044408360000,5.910903,5.906369,0.000452
1326044408370000,5.928014,5.907576,-0.001686
1326044408380000,5.922685,5.919807,0.000145
1326044408390000,5.931242,5.937209,0.004211
1326044408400000,5.942127,5.935426,-0.000704
1326044408410000,5.950551,5.943884,-0.000910
1326044408420000,5.953084,5.952171,0.002215
1326044408430000,5.963668,5.969627,0.002347
1326044408440000,5.973397,5.965649,-0.001696
1326044408450000,5.987238,5.978143,-0.000523
1326044408460000,5.983874,5.976750,-0.001004
1326044408470000,5.991372,5.985512,0.000139
1326044408480000,6.006290,5.993940,0.002207
1326044408490000,6.002981,5.997075,-0.001608
1326044408500000,6.006179,6.006995,0.002179
1326044408510000,6.021125,6.019523,0.000203
1326044408520000,6.032329,6.018149,0.004652
1326044408530000,6.035827,6.029219,0.000638
1326044408540000,6.040611,6.039831,-0.000194
1326044408550000,6.040928,6.039233,0.001149
1326044408560000,6.054952,6.055901,-0.000674
1326044408570000,6.068483,6.057856,-0.003591
1326044408580000,6.063221,6.063734,-0.000481
1326044408590000,6.075241,6.061588,-0.000513
1326044408600000,6.081602,6.076828,-0.003185
1326044408610000,6.087124,6.087623,-0.000146
1326044408620000,6.098926,6.101560,-0.004134
1326044408630000,6.106977,6.102741,-0.000695
1326044408640000,6.113999,6.112601,0.000487
1326044408650000,6.114024,6.107992,0.000194
1326044408660000,6.117752,6.120472,-0.000822
1326044408670000,6.134368,6.134278,-0.000171
1326044408680000,6.137601,6.130804,-0.001568
1326044408690000,6.156396,6.147137,0.000022
1326044408700000,6.163700,6.153046,0.000116
1326044408710000,6.171305,6.157821,-0.001800
1326044408720000,6.163725,6.161872,0.000535
1326044408730000,6.178346,6.165652,0.000523
1326044408740000,6.186928,6.186529,-0.000332
1326044408750000,6.193439,6.187880,0.004842
1326044408760000,6.194949,6.193492,-0.000281
1326044408770000,6.210191,6.196793,-0.000558
1326044408780000,6.210871,6.206114,-0.000845
1326044408790000,6.218583,6.213817,-0.001942
1326044408800000,6.217328,6.222061,0.001372
1326044408810000,6.235314,6.230802,-0.001372
1326044408820000,6.237862,6.230286,-0.001136
1326044408830000,6.248562,6.233933,-0.001076
1326044408840000,6.254488,6.248756,-0.001970
1326044408850000,6.261291,6.246667,-0.003502
1326044408860000,6.267231,6.260853,-0.000926
1326044408870000,6.278467,6.266993,0.001747
1326044408880000,6.280613,6.279066,0.000394
1326044408890000,6.281406,6.293589,0.003121
1326044408900000,6.298600,6.281021,0.001502
1326044408910000,6.298784,6.309183,0.001048
1326044408920000,6.303282,6.303715,0.003765
1326044408930000,6.311866,6.313688,-0.000194
1326044408940000,6.325468,6.311943,0.000126
1326044408950000,6.330642,6.331070,-0.000023
1326044408960000,6.327535,6.333361,0.003088
1326044408970000,6.343354,6.339915,0.000005
1326044408980000,6.358193,6.337603,-0.001297
1326044408990000,6.357164,6.354727,0.001175
1326044409000000,6.365667,6.365656,-0.001633
1326044409010000,6.378783,6.367313,0.001067
1326044409020000,6.384620,6.381434,0.000828
1326044409030000,6.392825,6.388296,-0.000379
1326044409040000,6.380927,6.386494,0.001132
1326044409050000,6.410531,6.404743,-0.002976
1326044409060000,6.412120,6.404063,0.000326
1326044409070000,6.428319,6.411153,-0.000926
1326044409080000,6.419174,6.418468,0.005725
1326044409090000,6.421342,6.425387,0.000312
1326044409100000,6.437269,6.418958,-0.001193
1326044409110000,6.442930,6.438250,-0.002757
1326044409120000,6.454649,6.439426,0.002611
1326044409130000,6.463830,6.461446,-0.000700
1326044409140000,6.465092,6.468313,-0.001583
1326044409150000,6.471399,6.471710,0.000673
1326044409160000,6.482290,6.473326,0.001299
1326044409170000,6.485469,6.476547,0.001268
1326044409180000,6.492124,6.485367,0.000040
1326044409190000,6.506084,6.505437,0.000318
1326044409200000,6.514271,6.499331,0.000464
1326044409210000,6.520466,6.498082,0.000673
1326044409220000,6.521279,6.522079,0.000850
1326044409230000,6.518495,6.531499,0.002189
1326044409240000,6.535527,6.539361,0.000113
1326044409250000,6.539552,6.543325,-0.001634
1326044409260000,6.549767,6.551209,-0.000289
1326044409270000,6.554134,6.552534,0.001508
1326044409280000,6.564459,6.548956,-0.003573
1326044409290000,6.566441,6.566545,-0.003562
1326044409300000,6.572307,6.576582,0.001837
1326044409310000,6.591898,6.579866,0.003040
1326044409320000,6.588010,6.586707,-0.002530
1326044409330000,6.599934,6.589858,0.000201
1326044409340000,6.611779,6.596738,-0.000799
1326044409350000,6.618652,6.618006,-0.000522
1326044409360000,6.625128,6.625255,0.000611
1326044409370000,6.629742,6.622939,-0.002586
1326044409380000,6.638922,6.631428,-0.002214
1326044409390000,6.649241,6.632184,-0.000603
1326044409400000,6.651575,6.647370,-0.000291
1326044409410000,6.647338,6.660023,-0.002252
1326044409420000,6.660955,6.650647,0.001579
1326044409430000,6.674153,6.667681,-0.000835
1326044409440000,6.674610,6.675125,-0.000844
1326044409450000,6.692920,6.682136,0.000565
1326044409460000,6.691577,6.694780,-0.000258
1326044409470000,6.699393,6.703815,0.001675
1326044409480000,6.711665,6.699535,-0.001867
1326044409490000,6.712200,6.711137,-0.002795
1326044409500000,6.721070,6.715260,-0.000620
1326044409510000,6.731758,6.718747,0.000120
1326044409520000,6.726975,6.730330,-0.002482
1326044409530000,6.739984,6.739401,-0.002776
1326044409540000,6.752630,6.744197,0.000365
1326044409550000,6.755886,6.745775,-0.001516
1326044409560000,6.769969,6.754931,-0.002905
1326044409570000,6.761826,6.762037,0.001931
1326044409580000,6.768330,6.767173,-0.001264
1326044409590000,6.787702,6.780021,0.002300
1326044409600000,6.795256,6.787612,0.000057
1326044409610000,6.797035,6.797488,0.000590
1326044409620000,6.807077,6.795370,-0.000423
1326044409630000,6.815875,6.803839,-0.005310
1326044409640000,6.815154,6.821568,-0.002274
1326044409650000,6.822763,6.820041,-0.000251
1326044409660000,6.834319,6.828082,0.000729
1326044409670000,6.844965,6.834124,-0.003579
1326044409680000,6.841689,6.847733,-0.000107
1326044409690000,6.853603,6.854995,-0.002245
1326044409700000,6.860445,6.861770,0.000469
1326044409710000,6.870830,6.863405,-0.000039
1326044409720000,6.875770,6.865979,0.001487
1326044409730000,6.880158,6.887035,0.002134
1326044409740000,6.896205,6.888759,0.000918
1326044409750000,6.894339,6.889262,0.001721
1326044409760000,6.902649,6.905733,-0.000701
1326044409770000,6.903226,6.903004,0.005646
1326044409780000,6.914689,6.919804,-0.002438
1326044409790000,6.927912,6.927210,-0.001056
1326044409800000,6.934008,6.922279,0.001803
1326044409810000,6.942477,6.936864,0.001505
1326044409820000,6.949308,6.944934,0.000975
1326044409830000,6.964065,6.961166,0.001351
1326044409840000,6.956961,6.951448,-0.004167
1326044409850000,6.959677,6.969391,0.003179
1326044409860000,6.969596,6.969383,-0.000408
1326044409870000,6.978404,6.970158,0.002492
1326044409880000,6.984124,6.982833,-0.004067
1326044409890000,6.996538,6.990513,0.000513
1326044409900000,7.009407,6.992275,-0.001127
1326044409910000,7.017916,7.006198,0.001144
1326044409920000,7.019813,7.016495,0.000634
1326044409930000,7.035072,7.019965,0.000732
1326044409940000,7.029658,7.023133,-0.002118
1326044409950000,7.030351,7.032168,-0.000114
1326044409960000,7.050853,7.039956,-0.000360
1326044409970000,7.043468,7.048134,0.000991
1326044409980000,7.055960,7.059664,0.001979
1326044409990000,7.069409,7.062543,0.000301
