t,x,y,yaw
5.10,65.0197,-34.8746,1.2924
5.20,65.0355,-34.8271,1.2752
5.30,65.0566,-34.7672,1.2645
5.40,65.0772,-34.7083,1.2494
5.50,65.0981,-34.6529,1.2368
5.60,65.1208,-34.5947,1.2219
5.70,65.1440,-34.5383,1.2110
5.80,65.1679,-34.4803,1.1998
5.90,65.1924,-34.4219,1.1839
6.00,65.2175,-34.3638,1.1757
6.10,65.2428,-34.3061,1.1652
6.20,65.2695,-34.2507,1.1561
6.30,65.2965,-34.1939,1.1455
6.40,65.3229,-34.1398,1.1360
6.50,65.3490,-34.0883,1.1280
6.60,65.3771,-34.0320,1.1213
6.70,65.4041,-33.9807,1.1131
6.80,65.4328,-33.9281,1.1012
6.90,65.4617,-33.8741,1.0905
7.00,65.4905,-33.8229,1.0835
7.10,65.5204,-33.7683,1.0773
7.20,65.5516,-33.7146,1.0685
7.30,65.5826,-33.6601,1.0626
7.40,65.5845,-33.6565,1.0622
7.50,65.6231,-33.5902,1.0568
7.60,65.6670,-33.5140,1.0536
7.70,65.7094,-33.4396,1.0524
7.80,65.7537,-33.3624,1.0495
7.90,65.7966,-33.2884,1.0466
8.00,65.8428,-33.2138,1.0406
8.10,65.8867,-33.1356,1.0383
8.20,65.9314,-33.0634,1.0361
8.30,65.9782,-32.9857,1.0341
8.40,66.0227,-32.9115,1.0300
8.50,66.0668,-32.8388,1.0248
8.60,66.1128,-32.7647,1.0203
8.70,66.1587,-32.6913,1.0170
8.80,66.1923,-32.6384,1.0121
8.90,66.2243,-32.5876,1.0082
9.00,66.2580,-32.5343,1.0024
9.10,66.2899,-32.4845,0.9985
9.20,66.3252,-32.4303,0.9927
9.30,66.3589,-32.3806,0.9857
9.40,66.3917,-32.3308,0.9785
9.50,66.4269,-32.2801,0.9733
9.60,66.4291,-32.2768,0.9738
9.70,66.4735,-32.2113,0.9711
9.80,66.5239,-32.1388,0.9672
9.90,66.5742,-32.0662,0.9649
10.00,66.6236,-31.9942,0.9627
10.10,66.6749,-31.9221,0.9582
10.20,66.7265,-31.8504,0.9541
10.30,66.7798,-31.7784,0.9499
10.40,66.8308,-31.7080,0.9450
10.50,66.8815,-31.6385,0.9409
10.60,66.9340,-31.5672,0.9368
10.70,66.9745,-31.5140,0.9313
10.80,67.0129,-31.4640,0.9281
10.90,67.0490,-31.4166,0.9204
11.00,67.0902,-31.3625,0.9164
11.10,67.1296,-31.3134,0.9075
11.20,67.1698,-31.2616,0.9059
11.30,67.2099,-31.2120,0.9014
11.40,67.2499,-31.1611,0.8944
11.50,67.2926,-31.1098,0.8882
11.60,67.3339,-31.0607,0.8818
11.70,67.3738,-31.0115,0.8787
11.80,67.4134,-30.9645,0.8716
11.90,67.4216,-30.9544,0.8725
12.00,67.4749,-30.8900,0.8722
12.10,67.5324,-30.8235,0.8693
12.20,67.5902,-30.7551,0.8676
12.30,67.6486,-30.6859,0.8680
12.40,67.7061,-30.6189,0.8656
12.50,67.7653,-30.5494,0.8641
12.60,67.8233,-30.4811,0.8599
12.70,67.8814,-30.4148,0.8591
12.80,67.9419,-30.3444,0.8594
12.90,68.0000,-30.2773,0.8571
13.00,68.0596,-30.2098,0.8558
13.10,68.1177,-30.1439,0.8537
13.20,68.1756,-30.0776,0.8542
13.30,68.2333,-30.0112,0.8522
13.40,68.2916,-29.9441,0.8520
13.50,68.3483,-29.8781,0.8508
13.60,68.4077,-29.8133,0.8481
13.70,68.4653,-29.7457,0.8468
13.80,68.4736,-29.7356,0.8430
13.90,68.5122,-29.6931,0.8539
14.00,68.5558,-29.6425,0.8612
14.10,68.5991,-29.5916,0.8705
14.20,68.6412,-29.5442,0.8790
14.30,68.6841,-29.4889,0.8859
14.40,68.7248,-29.4426,0.8905
14.50,68.7656,-29.3904,0.8993
14.60,68.8054,-29.3409,0.9070
14.70,68.8468,-29.2905,0.9179
14.80,68.8884,-29.2366,0.9249
14.90,68.9291,-29.1815,0.9339
15.00,68.9678,-29.1313,0.9410
15.10,69.0080,-29.0773,0.9493
15.20,69.0460,-29.0238,0.9537
15.30,69.0839,-28.9717,0.9616
15.40,69.1211,-28.9170,0.9705
15.50,69.1579,-28.8622,0.9755
15.60,69.1953,-28.8099,0.9859
15.70,69.2336,-28.7549,0.9966
15.80,69.2689,-28.7007,1.0026
15.90,69.3051,-28.6445,1.0092
16.00,69.3404,-28.5893,1.0177
16.10,69.3756,-28.5310,1.0277
16.20,69.3828,-28.5221,1.0262
16.30,69.4118,-28.4711,1.0412
16.40,69.4464,-28.4136,1.0526
16.50,69.4773,-28.3587,1.0631
16.60,69.5122,-28.3045,1.0770
16.70,69.5443,-28.2452,1.0877
16.80,69.5777,-28.1862,1.1006
16.90,69.6087,-28.1255,1.1183
17.00,69.6377,-28.0672,1.1308
17.10,69.6654,-28.0101,1.1406
17.20,69.6930,-27.9477,1.1606
17.30,69.7204,-27.8856,1.1737
17.40,69.7467,-27.8229,1.1916
17.50,69.7708,-27.7617,1.2039
17.60,69.7928,-27.6977,1.2192
17.70,69.8154,-27.6321,1.2324
17.80,69.8375,-27.5689,1.2514
17.90,69.8567,-27.5011,1.2644
18.00,69.8772,-27.4341,1.2814
18.10,69.8962,-27.3680,1.2925
18.20,69.9130,-27.3021,1.3091
18.30,69.9299,-27.2370,1.3185
18.40,69.9466,-27.1768,1.3316
18.50,69.9615,-27.1118,1.3435
18.60,69.9773,-27.0464,1.3565
18.70,69.9894,-26.9824,1.3663
18.80,69.9946,-26.9652,1.3660
18.90,70.0096,-26.8899,1.3666
19.00,70.0282,-26.8020,1.3660
19.10,70.0452,-26.7160,1.3683
19.20,70.0643,-26.6269,1.3705
19.30,70.0811,-26.5425,1.3721
19.40,70.1003,-26.4560,1.3734
19.50,70.1175,-26.3684,1.3729
19.60,70.1352,-26.2802,1.3762
19.70,70.1510,-26.1930,1.3765
19.80,70.1703,-26.1073,1.3793
19.90,70.1878,-26.0202,1.3825
20.00,70.2021,-25.9288,1.3837
20.10,70.2217,-25.8452,1.3864
20.20,70.2356,-25.7516,1.3875
20.30,70.2539,-25.6675,1.3893
20.40,70.2696,-25.5753,1.3916
20.50,70.2847,-25.4859,1.3939
20.60,70.3003,-25.3938,1.3996
20.70,70.2987,-25.3854,1.4029
20.80,70.3129,-25.3084,1.4034
20.90,70.3268,-25.2171,1.4012
21.00,70.3429,-25.1274,1.4003
21.10,70.3573,-25.0379,1.3996
21.20,70.3726,-24.9477,1.3986
21.30,70.3889,-24.8565,1.3988
21.40,70.4047,-24.7694,1.3968
21.50,70.4199,-24.6785,1.3970
21.60,70.4362,-24.5890,1.3954
21.70,70.4520,-24.4997,1.3951
21.80,70.4675,-24.4094,1.3946
21.90,70.4848,-24.3188,1.3920
22.00,70.5011,-24.2306,1.3909
22.10,70.5180,-24.1389,1.3917
22.20,70.5338,-24.0486,1.3900
22.30,70.5512,-23.9585,1.3885
22.40,70.5675,-23.8682,1.3886
22.50,70.5714,-23.8552,1.3908
22.60,70.5793,-23.8026,1.3738
22.70,70.5921,-23.7415,1.3583
22.80,70.6071,-23.6770,1.3520
22.90,70.6212,-23.6137,1.3399
23.00,70.6365,-23.5525,1.3286
23.10,70.6522,-23.4883,1.3175
23.20,70.6682,-23.4294,1.3076
23.30,70.6857,-23.3616,1.3009
23.40,70.7007,-23.2986,1.2925
23.50,70.7197,-23.2351,1.2814
23.60,70.7398,-23.1739,1.2762
23.70,70.7581,-23.1087,1.2673
23.80,70.7782,-23.0488,1.2582
23.90,70.7971,-22.9862,1.2491
24.00,70.8188,-22.9236,1.2419
24.10,70.8390,-22.8607,1.2342
24.20,70.8618,-22.7966,1.2296
24.30,70.8829,-22.7340,1.2181
24.40,70.9057,-22.6733,1.2089
24.50,70.9303,-22.6092,1.2054
24.60,70.9531,-22.5476,1.1975
24.70,70.9770,-22.4842,1.1908
24.80,71.0025,-22.4245,1.1791
24.90,71.0275,-22.3632,1.1717
25.00,71.0524,-22.3044,1.1629
25.10,71.0574,-22.2928,1.1638
25.20,71.0591,-22.2894,1.1639
25.30,71.0603,-22.2869,1.1636
25.40,71.0606,-22.2863,1.1635
25.50,71.0606,-22.2863,1.1635
25.60,71.0606,-22.2863,1.1635
25.70,71.0606,-22.2863,1.1635
25.80,71.0606,-22.2863,1.1635
25.90,71.0606,-22.2863,1.1635
26.00,71.0606,-22.2863,1.1635
26.10,71.0606,-22.2863,1.1635
26.20,71.0606,-22.2863,1.1635
26.30,71.0606,-22.2863,1.1635
26.40,71.0606,-22.2863,1.1635
26.50,71.0606,-22.2863,1.1635
26.60,71.0606,-22.2863,1.1635
26.70,71.0606,-22.2863,1.1635
26.80,71.0606,-22.2863,1.1635
26.90,71.0606,-22.2863,1.1635
27.00,71.0606,-22.2863,1.1635
27.10,71.0606,-22.2863,1.1635
27.20,71.0606,-22.2863,1.1635
27.30,71.0606,-22.2863,1.1635
27.40,71.0606,-22.2863,1.1635
27.50,71.0606,-22.2863,1.1635
27.60,71.0606,-22.2863,1.1635
27.70,71.0606,-22.2863,1.1635
27.80,71.0606,-22.2863,1.1635
27.90,71.0606,-22.2863,1.1635
28.00,71.0606,-22.2863,1.1635
28.10,71.0606,-22.2863,1.1635
28.20,71.0606,-22.2863,1.1635
28.30,71.0606,-22.2863,1.1635
28.40,71.0606,-22.2863,1.1635
28.50,71.0606,-22.2863,1.1635
28.60,71.0606,-22.2863,1.1635
28.70,71.1423,-22.0923,1.1675
28.80,71.2544,-21.8312,1.1617
28.90,71.3679,-21.5747,1.1539
29.00,71.4867,-21.3115,1.1384
29.10,71.6095,-21.0502,1.1007
29.20,71.7364,-20.7997,1.0778
29.30,71.8688,-20.5502,1.0543
29.40,72.0063,-20.3020,1.0242
29.50,72.1455,-20.0719,1.0029
29.60,72.2936,-19.8469,0.9594
29.70,72.4556,-19.6303,0.9163
29.80,72.6215,-19.4214,0.8790
29.90,72.8000,-19.2187,0.8207
30.00,72.9914,-19.0210,0.7633
30.10,73.1859,-18.8402,0.7110
30.20,73.3898,-18.6684,0.6590
30.30,73.6016,-18.5062,0.6248
30.40,73.8203,-18.3557,0.5799
30.50,74.0491,-18.2098,0.5313
30.60,74.2853,-18.0790,0.4990
30.70,74.5209,-17.9496,0.5017
30.80,74.7650,-17.8141,0.4898
30.90,75.0116,-17.6823,0.4832
31.00,75.2518,-17.5492,0.4750
31.10,75.3278,-17.5015,0.5316
31.20,75.3179,-17.4888,0.6647
31.30,75.3094,-17.4698,0.7940
31.40,75.3012,-17.4459,0.9354
31.50,75.2967,-17.4203,1.0618
31.60,75.3010,-17.4093,1.1863
31.70,75.2926,-17.3861,1.3119
31.80,75.2854,-17.3664,1.4358
31.90,75.2879,-17.3454,1.5563
32.00,75.2775,-17.3184,1.6758
32.10,75.2753,-17.2904,1.8081
32.20,75.2659,-17.2598,1.9194
32.30,75.2728,-17.2287,2.0579
32.40,75.2593,-17.1961,2.1691
32.50,75.2460,-17.1694,2.2866
32.60,75.2404,-17.1303,2.4212
32.70,75.2290,-17.0969,2.5405
32.80,75.2234,-17.0671,2.6447
32.90,75.2165,-17.0404,2.7716
33.00,75.2013,-17.0117,2.8773
33.10,75.1879,-16.9851,2.9882
33.20,75.1814,-16.9644,3.1039
33.30,75.1658,-16.9444,-3.0665
33.40,75.1529,-16.9288,-2.9565
33.50,74.9570,-16.9590,-2.9671
33.60,74.6918,-16.9960,-2.9952
33.70,74.4337,-17.0245,-3.0226
33.80,74.1613,-17.0483,-3.0681
33.90,73.8860,-17.0609,-3.1210
34.00,73.6094,-17.0560,3.1131
34.10,73.3320,-17.0367,3.0721
34.20,73.0643,-17.0152,3.0340
34.30,72.8022,-16.9855,3.0047
34.40,72.5299,-16.9488,2.9976
34.50,72.2694,-16.9000,2.9539
34.60,72.0080,-16.8438,2.9286
34.70,71.7451,-16.7843,2.8996
34.80,71.4873,-16.7183,2.8848
34.90,71.2271,-16.6460,2.8700
35.00,70.9563,-16.5685,2.8651
35.10,70.6866,-16.4955,2.8682
35.20,70.4219,-16.4252,2.8740
35.30,70.1573,-16.3494,2.8722
35.40,69.9001,-16.2782,2.8706
35.50,69.6453,-16.2019,2.8594
35.60,69.3846,-16.1286,2.8539
35.70,69.1221,-16.0513,2.8593
35.80,68.8667,-15.9819,2.8642
35.90,68.6134,-15.9093,2.8773
36.00,68.3429,-15.8279,2.8630
36.10,68.0957,-15.7560,2.8276
36.20,67.8574,-15.6659,2.8204
36.30,67.6034,-15.5796,2.8043
36.40,67.3533,-15.4864,2.7946
36.50,67.0977,-15.3858,2.7804
36.60,66.8468,-15.2830,2.7651
36.70,66.5945,-15.1794,2.7532
36.80,66.3326,-15.0627,2.7447
36.90,66.0937,-14.9873,2.7751
37.00,65.8861,-14.9606,2.8784
37.10,65.6524,-14.9343,2.9527
37.20,65.4017,-14.9113,3.0121
37.30,65.1591,-14.8939,3.0497
37.40,64.8965,-14.8848,3.0929
37.50,64.6202,-14.8736,3.1200
37.60,64.3501,-14.8687,-3.1306
37.70,64.0853,-14.8677,-3.1181
37.80,63.8116,-14.8780,-3.0943
37.90,63.5437,-14.8885,-3.0706
38.00,63.2724,-14.9159,-3.0225
38.10,63.0111,-14.9586,-2.9654
38.20,62.7555,-15.0164,-2.9177
38.30,62.4963,-15.0797,-2.8663
38.40,62.2378,-15.1561,-2.8155
38.50,61.9931,-15.2447,-2.7656
38.60,61.7426,-15.3428,-2.7174
38.70,61.4926,-15.4602,-2.6692
38.80,61.2572,-15.5867,-2.6358
38.90,61.0209,-15.7234,-2.5989
39.00,60.7914,-15.8702,-2.5554
39.10,60.5779,-16.0245,-2.5290
39.20,60.3664,-16.1882,-2.4693
39.30,60.1602,-16.3647,-2.4207
39.40,59.9600,-16.5440,-2.3765
39.50,59.7687,-16.7355,-2.3224
39.60,59.5882,-16.9454,-2.2623
39.70,59.4274,-17.1561,-2.2087
39.80,59.2734,-17.3769,-2.1549
39.90,59.1292,-17.6097,-2.0947
40.00,59.0033,-17.8474,-2.0222
40.10,58.8984,-18.0933,-1.9501
40.20,58.8113,-18.3337,-1.8728
40.30,58.7417,-18.5852,-1.7968
40.40,58.6904,-18.8487,-1.7082
40.50,58.6716,-19.1203,-1.5975
40.60,58.6735,-19.3787,-1.5243
40.70,58.7035,-19.6461,-1.4446
40.80,58.7497,-19.8901,-1.3366
40.90,58.8257,-20.1199,-1.2268
41.00,58.9197,-20.3396,-1.1283
41.10,59.0416,-20.5561,-1.0276
41.20,59.1837,-20.7650,-0.9696
41.30,59.3477,-20.9728,-0.9143
41.40,59.5281,-21.1738,-0.8319
41.50,59.7138,-21.3565,-0.7623
41.60,59.7792,-21.4057,-0.6851
41.70,59.7903,-21.3844,-0.5513
41.80,59.8014,-21.3700,-0.4210
41.90,59.8147,-21.3510,-0.3025
42.00,59.8202,-21.3284,-0.1536
42.10,59.8193,-21.3070,-0.0211
42.20,59.8172,-21.2865,0.1188
42.30,59.8198,-21.2684,0.2494
42.40,59.8167,-21.2571,0.3757
42.50,59.8019,-21.2389,0.5098
42.60,59.7902,-21.2271,0.6402
42.70,59.7785,-21.2152,0.7763
42.80,59.7680,-21.2073,0.8568
42.90,59.7631,-21.2032,0.9228
43.00,59.7588,-21.1974,0.9998
43.10,59.7733,-21.1876,1.0685
43.20,59.7752,-21.1848,1.1039
43.30,59.7772,-21.1784,1.1245
43.40,59.7804,-21.1677,1.1564
43.50,59.7876,-21.1606,1.1762
43.60,59.7979,-21.1542,1.2486
43.70,59.7981,-21.1484,1.3231
43.80,59.7917,-21.1348,1.3914
43.90,59.7898,-21.1296,1.4657
44.00,59.7858,-21.1716,1.4679
44.10,59.7801,-21.2228,1.4685
44.20,59.7750,-21.2683,1.4684
44.30,59.7706,-21.3164,1.4695
44.40,59.7656,-21.3639,1.4697
44.50,59.7612,-21.4109,1.4686
44.60,59.7555,-21.4608,1.4694
44.70,59.7511,-21.5054,1.4710
44.80,59.7463,-21.5538,1.4696
44.90,59.7406,-21.6045,1.4699
45.00,59.7363,-21.6507,1.4705
45.10,59.7316,-21.6998,1.4702
45.20,59.7280,-21.7000,1.5904
45.30,59.7344,-21.6875,1.7166
45.40,59.7354,-21.6693,1.8434
45.50,59.7125,-21.6511,1.9605
45.60,59.7024,-21.6368,2.0907
45.70,59.6799,-21.6230,2.2017
45.80,59.6616,-21.6047,2.3184
45.90,59.6460,-21.5942,2.4272
46.00,59.6306,-21.5849,2.5548
46.10,59.6101,-21.5627,2.6785
46.20,59.5971,-21.5369,2.8125
46.30,59.5898,-21.5160,2.9414
46.40,59.5734,-21.5106,3.0333
46.50,59.5634,-21.5057,3.1312
46.60,59.5486,-21.4883,-3.0534
46.70,59.5331,-21.4738,-2.9534
46.80,59.5305,-21.4689,-2.9210
46.90,59.5246,-21.4684,-2.8820
47.00,59.5091,-21.4617,-2.8282
47.10,59.5020,-21.4562,-2.7786
47.20,59.4884,-21.4490,-2.6603
47.30,59.4744,-21.4349,-2.5273
47.40,59.4692,-21.4310,-2.3909
47.50,59.4634,-21.4167,-2.2646
47.60,59.4566,-21.4152,-2.1449
47.70,59.4526,-21.3998,-2.0234
47.80,59.4502,-21.4006,-1.9010
47.90,59.4516,-21.3995,-1.7717
48.00,59.4515,-21.3894,-1.6536
48.10,59.4540,-21.3839,-1.5264
48.20,59.4619,-21.3785,-1.3946
48.30,59.4671,-21.3685,-1.2657
48.40,59.4624,-21.3576,-1.2402
48.50,59.4662,-21.3571,-1.2098
48.60,59.4752,-21.3586,-1.1637
48.70,59.4808,-21.3600,-1.1138
48.80,59.4748,-21.3437,-1.1023
48.90,59.4724,-21.3317,-1.0828
49.00,59.4766,-21.3217,-1.0436
49.10,59.4797,-21.3244,-1.0234
49.20,59.4864,-21.3184,-0.9787
49.30,59.4865,-21.3083,-0.9191
49.40,59.4845,-21.2983,-0.8746
49.50,59.4874,-21.2850,-0.8247
49.60,59.4528,-21.2467,-0.8248
49.70,59.4141,-21.2061,-0.8254
49.80,59.3750,-21.1629,-0.8252
49.90,59.3371,-21.1221,-0.8248
50.00,59.2986,-21.0795,-0.8232
50.10,59.2624,-21.0411,-0.8244
50.20,59.2252,-21.0001,-0.8245
50.30,59.1882,-20.9610,-0.8257
50.40,59.1902,-20.9381,-0.6956
50.50,59.1924,-20.9220,-0.5768
50.60,59.1954,-20.9025,-0.4614
50.70,59.1920,-20.8797,-0.3346
50.80,59.1909,-20.8607,-0.2216
50.90,59.1880,-20.8527,-0.1108
51.00,59.1897,-20.8371,-0.0050
51.10,59.1881,-20.8399,0.1067
51.20,59.1900,-20.8260,0.2086
51.30,59.1876,-20.8168,0.3154
51.40,59.1944,-20.8206,0.4264
51.50,59.2085,-20.8185,0.5451
51.60,59.2249,-20.8238,0.6450
51.70,59.2438,-20.8233,0.7456
51.80,59.2547,-20.8180,0.8440
51.90,59.2497,-20.7936,0.9329
52.00,59.2600,-20.7737,0.9646
52.10,59.2646,-20.7622,0.9799
52.20,59.2658,-20.7602,0.9920
52.30,59.2672,-20.7500,1.0185
52.40,59.2685,-20.7361,1.0577
52.50,59.2642,-20.7319,1.0816
52.60,59.2615,-20.7321,1.0925
52.70,59.2625,-20.7289,1.0963
52.80,59.2645,-20.7237,1.1038
52.90,59.2678,-20.7104,1.1199
53.00,59.2732,-20.6947,1.1432
53.10,59.2785,-20.6781,1.1687
53.20,59.2788,-20.6515,1.2626
53.30,59.2652,-20.6249,1.3793
53.40,59.2591,-20.6013,1.4928
53.50,59.2548,-20.5929,1.5842
53.60,59.2387,-20.5691,1.6956
53.70,59.2292,-20.5610,1.8073
53.80,59.2262,-20.5436,1.9114
53.90,59.2235,-20.5365,2.0199
54.00,59.2174,-20.5339,2.1221
54.10,59.2108,-20.5214,2.2309
54.20,59.1923,-20.5126,2.3441
54.30,59.1787,-20.5002,2.4559
54.40,59.1795,-20.4740,2.5722
54.50,59.1746,-20.4509,2.6850
54.60,59.1588,-20.4207,2.7945
54.70,59.1446,-20.3942,2.9141
54.80,59.1366,-20.3845,2.9983
54.90,59.1274,-20.3706,3.0731
55.00,59.1149,-20.3549,-3.1240
55.10,59.1066,-20.3443,-3.0401
55.20,59.0922,-20.3310,-2.9266
55.30,59.0964,-20.3235,-2.8279
55.40,59.0962,-20.3184,-2.7172
55.50,59.1035,-20.3184,-2.6172
55.60,59.1496,-20.2931,-2.6150
55.70,59.1977,-20.2649,-2.6147
55.80,59.2448,-20.2372,-2.6134
55.90,59.2915,-20.2096,-2.6112
56.00,59.3400,-20.1806,-2.6129
56.10,59.3897,-20.1519,-2.6107
56.20,59.4366,-20.1241,-2.6094
56.30,59.4837,-20.0964,-2.6105
56.40,59.5292,-20.0685,-2.6088
56.50,59.5781,-20.0399,-2.6105
56.60,59.6255,-20.0114,-2.6091
56.70,59.6726,-19.9829,-2.6075
56.80,59.7183,-19.9548,-2.6083
56.90,59.7637,-19.9288,-2.6055
57.00,59.8115,-19.8960,-2.6076
57.10,59.8577,-19.8690,-2.6063
57.20,59.9044,-19.8409,-2.6072
57.30,59.9503,-19.8145,-2.6071
57.40,59.9962,-19.7857,-2.6058
57.50,60.0447,-19.7578,-2.6065
57.60,60.0539,-19.7537,-2.4973
57.70,60.0546,-19.7543,-2.3872
57.80,60.0649,-19.7560,-2.2761
57.90,60.0736,-19.7522,-2.1594
58.00,60.0801,-19.7540,-2.0408
58.10,60.0854,-19.7478,-1.9340
58.20,60.0818,-19.7400,-1.8398
58.30,60.0852,-19.7269,-1.7344
58.40,60.0775,-19.7203,-1.6358
58.50,60.0906,-19.7237,-1.5433
58.60,60.0956,-19.7254,-1.4373
58.70,60.1058,-19.7249,-1.3430
58.80,60.1206,-19.7296,-1.2205
58.90,60.1294,-19.7232,-1.1262
59.00,60.1442,-19.7292,-1.0163
59.10,60.1504,-19.7207,-0.9028
59.20,60.1676,-19.7163,-0.8002
59.30,60.1881,-19.7078,-0.6704
59.40,60.2068,-19.6966,-0.5490
59.50,60.2115,-19.6924,-0.4359
59.60,60.2104,-19.6758,-0.3097
59.70,60.2003,-19.6538,-0.1874
59.80,60.2012,-19.6402,-0.0671
59.90,60.2013,-19.6316,0.0453
60.00,60.1546,-19.6325,0.0479
60.10,60.1046,-19.6359,0.0455
60.20,60.0594,-19.6365,0.0456
60.30,60.0031,-19.6409,0.0444
60.40,59.9538,-19.6416,0.0453
60.50,59.9033,-19.6445,0.0448
60.60,59.8536,-19.6470,0.0457
60.70,59.8035,-19.6488,0.0462
60.80,59.7514,-19.6522,0.0456
60.90,59.7013,-19.6543,0.0466
61.00,59.6517,-19.6576,0.0459
61.10,59.5998,-19.6589,0.0472
61.20,59.6010,-19.6575,0.1641
61.30,59.6187,-19.6495,0.2877
61.40,59.6409,-19.6488,0.4109
61.50,59.6560,-19.6481,0.5296
61.60,59.6716,-19.6496,0.6455
61.70,59.6959,-19.6490,0.7711
61.80,59.7117,-19.6457,0.8849
61.90,59.7265,-19.6418,1.0056
62.00,59.7472,-19.6346,1.1286
62.10,59.7687,-19.6272,1.2569
62.20,59.7897,-19.6179,1.3881
62.30,59.7908,-19.6085,1.4977
62.40,59.7960,-19.5994,1.6142
62.50,59.7999,-19.5917,1.7261
62.60,59.8086,-19.5928,1.8296
62.70,59.8011,-19.5822,1.9367
62.80,59.7913,-19.5754,2.0387
62.90,59.7730,-19.5636,2.1416
63.00,59.7573,-19.5560,2.2635
63.10,59.7639,-19.5574,2.3554
63.20,59.6258,-19.4251,2.3527
63.30,59.4467,-19.2229,2.3046
63.40,59.2774,-19.0211,2.2595
63.50,59.1076,-18.8034,2.2145
63.60,58.9597,-18.5757,2.1426
63.70,58.8297,-18.3368,2.0640
63.80,58.7100,-18.0948,1.9957
63.90,58.6089,-17.8429,1.9208
64.00,58.5249,-17.5865,1.8764
64.10,58.4373,-17.3234,1.8509
64.20,58.3641,-17.0521,1.8033
64.30,58.3104,-16.7845,1.7575
64.40,58.2680,-16.5059,1.7208
64.50,58.2343,-16.2287,1.6826
64.60,58.2104,-15.9571,1.6507
64.70,58.1937,-15.6819,1.6170
64.80,58.1850,-15.4060,1.6060
64.90,58.1773,-15.1336,1.6098
65.00,58.1679,-14.8547,1.6080
65.10,58.1610,-14.5760,1.6052
65.20,58.1558,-14.3004,1.5945
65.30,58.1507,-14.0208,1.5951
65.40,58.1444,-13.7422,1.5822
65.50,58.1402,-13.4708,1.5657
65.60,58.1447,-13.1900,1.5582
65.70,58.1487,-12.9105,1.5577
65.80,58.1492,-12.6391,1.5504
65.90,58.1573,-12.3608,1.5409
66.00,58.1653,-12.0818,1.5300
66.10,58.1782,-11.8068,1.5260
66.20,58.1880,-11.5255,1.5232
66.30,58.2005,-11.2419,1.5199
66.40,58.2066,-10.9661,1.5174
66.50,58.2268,-10.6840,1.5163
66.60,58.2411,-10.4013,1.5098
66.70,58.2566,-10.1227,1.5123
66.80,58.2769,-9.8437,1.4997
66.90,58.3013,-9.5591,1.4948
67.00,58.3265,-9.2813,1.4757
67.10,58.3575,-8.9962,1.4546
67.20,58.4001,-8.7137,1.4156
67.30,58.4477,-8.4400,1.3897
67.40,58.5054,-8.1615,1.3589
67.50,58.5738,-7.8864,1.3244
67.60,58.6467,-7.6443,1.2225
67.70,58.7381,-7.4130,1.1049
67.80,58.8520,-7.1946,1.0072
67.90,58.9838,-6.9892,0.8959
68.00,59.1634,-6.7773,0.8172
68.10,59.3631,-6.5777,0.7360
68.20,59.5730,-6.3919,0.6579
68.30,59.7934,-6.2375,0.5841
68.40,60.0190,-6.1075,0.5132
68.50,60.2514,-5.9987,0.4516
68.60,60.4844,-5.8934,0.4070
68.70,60.7349,-5.7954,0.3355
68.80,60.9889,-5.7141,0.3157
68.90,61.2441,-5.6314,0.2762
69.00,61.5076,-5.5584,0.2556
69.10,61.7683,-5.4925,0.2318
69.20,62.0388,-5.4296,0.2329
69.30,62.3045,-5.3656,0.2325
69.40,62.5689,-5.3003,0.2379
69.50,62.8330,-5.2381,0.2460
69.60,63.0965,-5.1722,0.2629
69.70,63.3550,-5.0978,0.2766
69.80,63.6181,-5.0199,0.2894
69.90,63.8889,-4.9406,0.2920
70.00,64.1514,-4.8583,0.2964
70.10,64.4167,-4.7738,0.3066
70.20,64.6822,-4.6781,0.3298
70.30,64.9431,-4.5846,0.3447
70.40,65.2063,-4.4916,0.3633
70.50,65.4687,-4.3842,0.3820
70.60,65.7236,-4.2828,0.3914
70.70,65.9812,-4.1736,0.3972
70.80,66.2310,-4.0691,0.3947
70.90,66.4825,-3.9679,0.3850
71.00,66.7299,-3.8767,0.3855
71.10,66.9860,-3.7744,0.3855
71.20,67.2325,-3.6698,0.3918
71.30,67.4898,-3.5638,0.3981
71.40,67.7447,-3.4523,0.4070
71.50,67.9984,-3.3441,0.4205
71.60,68.2485,-3.2364,0.4471
71.70,68.4942,-3.1156,0.4774
71.80,68.7311,-2.9850,0.5073
71.90,68.9659,-2.8467,0.5502
72.00,69.1939,-2.7014,0.5709
72.10,69.4196,-2.5507,0.5969
72.20,69.6470,-2.3908,0.6275
72.30,69.8699,-2.2302,0.6528
72.40,70.0788,-2.0612,0.6905
72.50,70.2901,-1.8816,0.7182
72.60,70.4939,-1.6897,0.7499
72.70,70.6921,-1.5031,0.7883
72.80,70.8782,-1.3004,0.8318
72.90,71.0603,-1.0865,0.8659
73.00,71.2307,-0.8709,0.9075
73.10,71.3963,-0.6534,0.9333
73.20,71.5628,-0.4314,0.9456
73.30,71.7209,-0.2058,0.9632
73.40,71.8845,0.0233,0.9827
73.50,72.0379,0.2593,1.0069
73.60,72.1858,0.4949,1.0400
73.70,72.3243,0.7388,1.0646
73.80,72.4539,0.9917,1.0867
73.90,72.5755,1.2414,1.1118
74.00,72.6925,1.4956,1.1403
74.10,72.8024,1.7521,1.1585
74.20,72.9066,2.0050,1.1772
74.30,73.0104,2.2646,1.1903
74.40,73.1118,2.5241,1.2269
74.50,73.1992,2.7811,1.2619
74.60,73.2759,3.0495,1.2930
74.70,73.3482,3.3217,1.3352
74.80,73.4087,3.5889,1.3446
74.90,73.4669,3.8630,1.3659
75.00,73.5184,4.1386,1.3904
75.10,73.5646,4.4106,1.4238
75.20,73.6057,4.6852,1.4267
75.30,73.6510,4.9618,1.4257
75.40,73.6945,5.2368,1.4202
75.50,73.7409,5.5086,1.4094
75.60,73.7871,5.7807,1.4147
75.70,73.8278,6.0557,1.4401
75.80,73.8601,6.3347,1.4675
75.90,73.8830,6.6119,1.4974
76.00,73.8982,6.8897,1.5378
76.10,73.8989,7.1649,1.5789
76.20,73.8895,7.4439,1.6162
76.30,73.8687,7.7155,1.6498
76.40,73.8350,7.9785,1.7133
76.50,73.7763,8.2389,1.7916
76.60,73.7082,8.5047,1.8626
76.70,73.6208,8.7605,1.9294
76.80,73.5131,9.0129,2.0191
76.90,73.3756,9.2505,2.1049
77.00,73.2308,9.4900,2.1776
77.10,73.0509,9.7234,2.2688
77.20,72.8764,9.9171,2.3501
77.30,72.6967,10.0874,2.4251
77.40,72.4999,10.2457,2.5068
77.50,72.2892,10.3856,2.6066
77.60,72.0914,10.5158,2.5512
77.70,71.9092,10.6530,2.4582
77.80,71.7372,10.8071,2.3738
77.90,71.5773,10.9786,2.2735
78.00,71.4401,11.1632,2.1677
78.10,71.3232,11.3549,2.0699
78.20,71.2190,11.5591,1.9881
78.30,71.1365,11.7729,1.8822
78.40,71.0774,11.9741,1.8036
78.50,71.0316,12.1875,1.6938
78.60,71.0181,12.4019,1.6028
78.70,71.0210,12.6091,1.5139
78.80,71.0472,12.8600,1.4488
78.90,71.0840,13.1171,1.3854
79.00,71.1371,13.3764,1.3184
79.10,71.2158,13.6308,1.2689
79.20,71.2962,13.8664,1.1733
79.30,71.3969,14.0709,1.0847
79.40,71.5142,14.2662,1.0012
79.50,71.6437,14.4535,0.9126
79.60,71.8070,14.6536,0.8857
79.70,71.9811,14.8540,0.8563
79.80,72.1607,15.0532,0.8260
79.90,72.3508,15.2452,0.7909
80.00,72.4245,15.3099,0.8389
80.10,72.4395,15.3226,0.9618
80.20,72.4573,15.3232,1.0898
80.30,72.4681,15.3291,1.2141
80.40,72.4735,15.3302,1.3386
80.50,72.4811,15.3397,1.4671
80.60,72.4783,15.3494,1.5761
80.70,72.4802,15.3532,1.6956
80.80,72.4848,15.3577,1.8097
80.90,72.4850,15.3596,1.9321
81.00,72.4826,15.3626,2.0527
81.10,72.4885,15.3602,2.1741
81.20,72.4744,15.3629,2.3016
81.30,72.4799,15.3637,2.4333
81.40,72.4780,15.3601,2.5529
81.50,72.4713,15.3638,2.6762
81.60,72.4678,15.3627,2.8014
81.70,72.4751,15.3601,2.9297
81.80,72.4813,15.3590,3.0434
81.90,72.4830,15.3490,-3.1190
82.00,72.4777,15.3349,-2.9991
82.10,72.4881,15.3241,-2.8732
82.20,72.4920,15.3093,-2.7484
82.30,72.4919,15.3039,-2.6304
82.40,72.5358,15.3287,-2.6284
82.50,72.5824,15.3545,-2.6294
82.60,72.6289,15.3813,-2.6295
82.70,72.6784,15.4080,-2.6309
82.80,72.7262,15.4358,-2.6301
82.90,72.7745,15.4625,-2.6292
83.00,72.8210,15.4886,-2.6315
83.10,72.8698,15.5173,-2.6298
83.20,72.8881,15.5201,-2.5137
83.30,72.9003,15.5197,-2.3902
83.40,72.9072,15.4994,-2.2559
83.50,72.9160,15.4903,-2.1316
83.60,72.9249,15.4696,-2.0054
83.70,72.9306,15.4684,-1.8803
83.80,72.9376,15.4637,-1.7468
83.90,72.9420,15.4554,-1.6292
84.00,72.9591,15.4461,-1.5102
84.10,72.9752,15.4299,-1.3993
84.20,72.9958,15.4161,-1.2860
84.30,73.0055,15.4086,-1.1763
84.40,73.0249,15.4021,-1.0833
84.50,73.0450,15.3970,-0.9615
84.60,73.0628,15.3996,-0.8608
84.70,73.0678,15.4033,-0.7537
84.80,73.0716,15.4045,-0.6494
84.90,73.0774,15.3990,-0.5437
85.00,73.0858,15.3765,-0.4371
85.10,73.0887,15.3673,-0.3321
85.20,73.2866,15.3120,-0.2874
85.30,73.5436,15.2479,-0.2468
85.40,73.8120,15.1920,-0.2093
85.50,74.0820,15.1442,-0.1678
85.60,74.3517,15.0949,-0.1704
85.70,74.6296,15.0473,-0.1874
85.80,74.9011,14.9955,-0.1823
85.90,75.1667,14.9491,-0.1851
86.00,75.4374,14.8975,-0.1929
86.10,75.7087,14.8456,-0.2132
86.20,75.9688,14.7889,-0.2273
86.30,76.2329,14.7283,-0.2387
86.40,76.5025,14.6657,-0.2309
86.50,76.7633,14.6037,-0.2249
86.60,77.0318,14.5510,-0.2082
86.70,77.3000,14.5017,-0.1976
86.80,77.5685,14.4632,-0.1328
86.90,77.8354,14.4364,-0.0632
87.00,78.0979,14.4326,0.0011
87.10,78.3581,14.4517,0.0596
87.20,78.6150,14.4717,0.1473
87.30,78.8841,14.5218,0.2258
87.40,79.1424,14.5925,0.3143
87.50,79.4066,14.6875,0.4119
87.60,79.6418,14.8021,0.5064
87.70,79.8530,14.9392,0.6026
87.80,80.0476,15.0874,0.6825
87.90,80.2259,15.2566,0.7721
88.00,80.4028,15.4550,0.8535
88.10,80.5735,15.6700,0.9331
88.20,80.7243,15.8928,0.9991
88.30,80.8606,16.1204,1.0608
88.40,80.9840,16.3661,1.1300
88.50,81.0920,16.6175,1.2038
88.60,81.1743,16.8778,1.2912
88.70,81.2337,17.1456,1.3407
88.80,81.2852,17.4105,1.3737
88.90,81.3359,17.6801,1.4076
89.00,81.3678,17.9594,1.4442
89.10,81.3943,18.2430,1.4773
89.20,81.4178,18.5240,1.4978
89.30,81.4350,18.8097,1.5087
89.40,81.4540,19.0966,1.5166
89.50,81.4682,19.3709,1.5245
89.60,81.4782,19.6492,1.5451
89.70,81.4808,19.9283,1.5458
89.80,81.4817,20.2101,1.5626
89.90,81.4792,20.4963,1.5881
90.00,81.4733,20.7824,1.6030
90.10,81.4638,21.0603,1.6119
90.20,81.4516,21.3401,1.6212
90.30,81.4375,21.6198,1.6147
90.40,81.4214,21.8910,1.6151
90.50,81.4106,22.1718,1.6263
90.60,81.3956,22.4506,1.6371
90.70,81.3799,22.7234,1.6463
90.80,81.3506,23.0050,1.6852
90.90,81.3156,23.2827,1.7222
91.00,81.2702,23.5537,1.7670
91.10,81.2122,23.8258,1.8102
91.20,81.1498,24.0925,1.8370
91.30,81.0782,24.3501,1.8691
91.40,80.9934,24.6136,1.8962
91.50,80.9056,24.8735,1.9119
91.60,80.8122,25.1335,1.9216
91.70,80.7189,25.3965,1.9264
91.80,80.6243,25.6558,1.9317
91.90,80.5274,25.9098,1.9331
92.00,80.4348,26.1704,1.9230
92.10,80.3422,26.4285,1.9125
92.20,80.2581,26.6790,1.9156
92.30,80.1727,26.9395,1.9020
92.40,80.0839,27.2035,1.9001
92.50,79.9985,27.4624,1.8993
92.60,79.9131,27.7258,1.9040
92.70,79.8220,27.9896,1.9107
92.80,79.7305,28.2454,1.9176
92.90,79.6357,28.5028,1.9227
93.00,79.5362,28.7652,1.9265
93.10,79.4391,29.0244,1.9310
93.20,79.3443,29.2831,1.9247
93.30,79.2452,29.5393,1.9359
93.40,79.1468,29.7891,1.9516
93.50,79.0411,30.0482,1.9603
93.60,78.9350,30.3073,1.9578
93.70,78.8321,30.5626,1.9536
93.80,78.7339,30.8213,1.9413
93.90,78.6333,31.0836,1.9361
94.00,78.5365,31.3417,1.9378
94.10,78.4388,31.6027,1.9393
94.20,78.3416,31.8600,1.9455
94.30,78.2411,32.1187,1.9519
94.40,78.1333,32.3732,2.0036
94.50,78.0163,32.6235,2.0390
94.60,77.8910,32.8670,2.0804
94.70,77.7486,33.1078,2.1263
94.80,77.5991,33.3440,2.1558
94.90,77.4441,33.5707,2.1881
95.00,77.2795,33.7963,2.2227
95.10,77.1072,34.0165,2.2625
95.20,76.9343,34.2257,2.2883
95.30,76.7476,34.4330,2.3190
95.40,76.5558,34.6344,2.3565
95.50,76.3627,34.8271,2.3864
95.60,76.1620,35.0169,2.4031
95.70,75.9512,35.2011,2.4255
95.80,75.7437,35.3770,2.4487
95.90,75.5261,35.5495,2.4756
96.00,75.3060,35.7233,2.4724
96.10,75.0886,35.8970,2.4635
96.20,74.8753,36.0725,2.4622
96.30,74.6602,36.2472,2.4633
96.40,74.4478,36.4191,2.4649
96.50,74.2324,36.5971,2.4554
96.60,74.0214,36.7767,2.4486
96.70,73.8109,36.9543,2.4399
96.80,73.5995,37.1318,2.4428
96.90,73.3840,37.3112,2.4416
97.00,73.1747,37.4886,2.4412
97.10,72.9646,37.6710,2.4387
97.20,72.7549,37.8534,2.4287
97.30,72.5497,38.0320,2.4270
97.40,72.3396,38.2171,2.4196
97.50,72.1324,38.4001,2.4160
97.60,71.9314,38.5823,2.4224
97.70,71.7213,38.7671,2.4220
97.80,71.5113,38.9522,2.4194
97.90,71.3009,39.1314,2.4214
98.00,71.0921,39.3153,2.4210
98.10,70.8812,39.5003,2.4204
98.20,70.6765,39.6814,2.4178
98.30,70.4665,39.8671,2.4165
98.40,70.2612,40.0564,2.4154
98.50,70.0554,40.2373,2.4213
98.60,69.8474,40.4207,2.4191
98.70,69.6390,40.6040,2.4205
98.80,69.4312,40.7767,2.4569
98.90,69.2161,40.9443,2.4974
99.00,68.9884,41.1054,2.5441
99.10,68.7590,41.2568,2.5797
99.20,68.5207,41.3952,2.6288
99.30,68.2793,41.5262,2.6715
99.40,68.0343,41.6497,2.7138
99.50,67.7804,41.7666,2.7542
99.60,67.5212,41.8628,2.8020
99.70,67.2604,41.9528,2.8506
99.80,66.9989,42.0312,2.8899
99.90,66.7316,42.0976,2.9462
100.00,66.4631,42.1415,3.0017
100.10,66.1898,42.1691,3.0761
100.20,65.9130,42.1827,3.1387
100.30,65.6460,42.1793,-3.1009
100.40,65.3742,42.1622,-3.0304
100.50,65.1048,42.1311,-2.9781
100.60,64.8482,42.0893,-2.9190
100.70,64.5919,42.0297,-2.8792
100.80,64.3334,41.9537,-2.8105
100.90,64.0890,41.8612,-2.7403
101.00,63.8394,41.7521,-2.6746
101.10,63.5999,41.6198,-2.5978
101.20,63.3775,41.4699,-2.5039
101.30,63.1659,41.2981,-2.4174
101.40,62.9651,41.1111,-2.3425
101.50,62.7815,40.9111,-2.2539
101.60,62.6171,40.6900,-2.1585
101.70,62.4707,40.4600,-2.0694
101.80,62.3552,40.2160,-1.9695
101.90,62.2602,39.9637,-1.8806
102.00,62.1886,39.7311,-1.8059
102.10,62.1399,39.4997,-1.7000
102.20,62.1144,39.2595,-1.5917
102.30,62.1201,39.0177,-1.4943
102.40,62.1428,38.7843,-1.3981
102.50,62.1850,38.5588,-1.3132
102.60,62.2499,38.3352,-1.2279
102.70,62.3353,38.1197,-1.1319
102.80,62.4491,37.9014,-1.0349
102.90,62.5811,37.6923,-0.9413
103.00,62.7286,37.5051,-0.8550
103.10,62.8945,37.3207,-0.7601
103.20,63.1075,37.1353,-0.6608
103.30,63.3338,36.9712,-0.5655
103.40,63.5735,36.8278,-0.4767
103.50,63.8233,36.7072,-0.3875
103.60,64.0774,36.6124,-0.3495
103.70,64.3431,36.5242,-0.3045
103.80,64.6059,36.4458,-0.2574
103.90,64.8650,36.3858,-0.2132
104.00,65.1330,36.3359,-0.1761
104.10,65.4093,36.2918,-0.1383
104.20,65.6792,36.2611,-0.1085
104.30,65.9565,36.2341,-0.0686
104.40,66.2309,36.2123,-0.0531
104.50,66.5045,36.1988,-0.0373
104.60,66.7834,36.1868,-0.0242
104.70,67.0596,36.1801,-0.0120
104.80,67.3305,36.1790,-0.0051
104.90,67.6089,36.1761,0.0006
105.00,67.8876,36.1760,0.0080
105.10,68.1603,36.1781,0.0104
105.20,68.4392,36.1788,0.0095
105.30,68.7161,36.1824,0.0114
105.40,68.9902,36.1859,0.0077
105.50,69.2656,36.1921,0.0188
105.60,69.5442,36.1978,0.0244
105.70,69.8203,36.2001,0.0301
105.80,70.1001,36.2073,0.0316
105.90,70.3792,36.2187,0.0470
106.00,70.6511,36.2222,0.0134
106.10,70.9288,36.2186,-0.0144
106.20,71.2065,36.2104,-0.0336
106.30,71.4773,36.1909,-0.0679
106.40,71.7475,36.1708,-0.0913
106.50,72.0199,36.1370,-0.1328
106.60,72.2904,36.0988,-0.1643
106.70,72.5612,36.0439,-0.2009
106.80,72.8288,35.9825,-0.2272
106.90,73.0931,35.9130,-0.2469
107.00,73.3603,35.8426,-0.2646
107.10,73.6214,35.7624,-0.2839
107.20,73.8796,35.6795,-0.3302
107.30,74.1349,35.5849,-0.3734
107.40,74.3864,35.4811,-0.4181
107.50,74.6261,35.3659,-0.4602
107.60,74.8672,35.2327,-0.5021
107.70,75.1020,35.0917,-0.5318
107.80,75.3335,34.9455,-0.5728
107.90,75.5592,34.7877,-0.6172
108.00,75.7815,34.6242,-0.6428
108.10,75.9956,34.4596,-0.6573
108.20,76.2093,34.2880,-0.6940
108.30,76.4229,34.1086,-0.7170
108.40,76.6259,33.9262,-0.7241
108.50,76.8345,33.7432,-0.7287
108.60,77.0392,33.5565,-0.7425
108.70,77.2412,33.3694,-0.7563
108.80,77.4324,33.1762,-0.8056
108.90,77.6204,32.9748,-0.8483
109.00,77.7941,32.7681,-0.8991
109.10,77.9587,32.5483,-0.9480
109.20,78.1090,32.3221,-0.9946
109.30,78.2491,32.0954,-1.0324
109.40,78.3824,31.8560,-1.0697
109.50,78.5086,31.6120,-1.1109
109.60,78.6269,31.3664,-1.1383
109.70,78.7354,31.1127,-1.1622
109.80,78.8428,30.8571,-1.1894
109.90,78.9406,30.6038,-1.2162
110.00,79.0313,30.3454,-1.2372
110.10,79.1190,30.0850,-1.2557
110.20,79.2032,29.8251,-1.2752
110.30,79.2808,29.5609,-1.2917
110.40,79.3511,29.2984,-1.3188
110.50,79.4131,29.0398,-1.3415
110.60,79.4694,28.7726,-1.3632
110.70,79.5189,28.5052,-1.3942
110.80,79.5637,28.2360,-1.4051
110.90,79.6086,27.9653,-1.4002
111.00,79.6540,27.6914,-1.3934
111.10,79.6994,27.4221,-1.3938
111.20,79.7471,27.1480,-1.3887
111.30,79.7980,26.8750,-1.3824
111.40,79.8524,26.6099,-1.3668
111.50,79.9091,26.3350,-1.3619
111.60,79.9654,26.0713,-1.3927
111.70,80.0141,25.8039,-1.3963
111.80,80.0569,25.5329,-1.4118
111.90,80.0975,25.2584,-1.4485
112.00,80.1257,24.9853,-1.4678
112.10,80.1505,24.7139,-1.4901
112.20,80.1746,24.4456,-1.4876
112.30,80.2021,24.1778,-1.4818
112.40,80.2268,23.9059,-1.4846
112.50,80.2543,23.6353,-1.4762
112.60,80.2758,23.3701,-1.4754
112.70,80.3028,23.0974,-1.4746
112.80,80.3325,22.8246,-1.4607
112.90,80.3662,22.5593,-1.4385
113.00,80.4023,22.2969,-1.4177
113.10,80.4460,22.0236,-1.4068
113.20,80.4884,21.7562,-1.4153
113.30,80.5308,21.4835,-1.4149
113.40,80.5706,21.2172,-1.4175
113.50,80.6044,20.9589,-1.4287
113.60,80.6396,20.6935,-1.4374
113.70,80.6765,20.4331,-1.4439
113.80,80.7050,20.1805,-1.4500
113.90,80.7310,19.9153,-1.4623
114.00,80.7582,19.6450,-1.4611
114.10,80.7856,19.3767,-1.4589
114.20,80.8123,19.1122,-1.4578
114.30,80.8420,18.8440,-1.4621
114.40,80.8701,18.5837,-1.4714
114.50,80.8928,18.3175,-1.4801
114.60,80.9124,18.0508,-1.4797
114.70,80.9324,17.7812,-1.4796
114.80,80.9564,17.5071,-1.4581
114.90,80.9891,17.2346,-1.4460
115.00,81.0203,16.9792,-1.4339
115.10,81.0624,16.7048,-1.4278
115.20,81.1018,16.4306,-1.4174
115.30,81.1459,16.1634,-1.4039
115.40,81.1925,15.8909,-1.3842
115.50,81.2394,15.6200,-1.3771
115.60,81.2918,15.3523,-1.3640
115.70,81.3541,15.0783,-1.3487
115.80,81.4124,14.8026,-1.3393
115.90,81.4745,14.5308,-1.3286
116.00,81.5474,14.2604,-1.2996
116.10,81.6268,13.9941,-1.2720
116.20,81.7033,13.7388,-1.2547
116.30,81.7916,13.4768,-1.2481
116.40,81.8468,13.2334,-1.3261
116.50,81.8813,12.9893,-1.4074
116.60,81.9037,12.7286,-1.5044
116.70,81.8965,12.4773,-1.5936
116.80,81.8867,12.2547,-1.6718
116.90,81.8581,12.0444,-1.7500
117.00,81.8160,11.8336,-1.8312
117.10,81.7584,11.6351,-1.9115
117.20,81.6798,11.4396,-1.9976
117.30,81.5836,11.2522,-2.0834
117.40,81.4643,11.0770,-2.1810
117.50,81.3255,10.9024,-2.2829
117.60,81.1734,10.7421,-2.3799
117.70,81.0078,10.6050,-2.4741
117.80,80.8228,10.4833,-2.5802
117.90,80.6232,10.3833,-2.6861
118.00,80.4115,10.3078,-2.7786
118.10,80.1955,10.2491,-2.8752
118.20,79.9649,10.2013,-2.9675
118.30,79.7352,10.1784,-3.0661
118.40,79.6504,10.1879,-3.0033
118.50,79.6344,10.1956,-2.8988
118.60,79.6276,10.2075,-2.7717
118.70,79.6171,10.2122,-2.6522
118.80,79.6031,10.2180,-2.5262
118.90,79.5947,10.2234,-2.3945
119.00,79.5888,10.2254,-2.2761
119.10,79.5910,10.2275,-2.1543
119.20,79.5989,10.2274,-2.0298
119.30,79.5964,10.2279,-1.9113
119.40,79.6039,10.2228,-1.7891
119.50,79.6231,10.2281,-1.6572
119.60,79.6339,10.2253,-1.5293
119.70,79.6494,10.2158,-1.4219
119.80,79.6527,10.2137,-1.2960
119.90,79.6618,10.2158,-1.1787
120.00,79.6807,10.2125,-1.0879
120.10,79.6909,10.2129,-1.0049
120.20,79.7088,10.2168,-0.9185
120.30,79.7192,10.2205,-0.8433
120.40,79.7343,10.2233,-0.7483
120.50,79.7277,10.2280,-0.6841
120.60,79.7465,10.2323,-0.5962
120.70,79.7640,10.2414,-0.5064
120.80,79.7237,10.2624,-0.5058
120.90,79.6745,10.2901,-0.5060
121.00,79.6292,10.3155,-0.5038
121.10,79.5813,10.3425,-0.5048
121.20,79.5340,10.3685,-0.5031
121.30,79.4895,10.3934,-0.5041
121.40,79.4420,10.4189,-0.5056
121.50,79.3951,10.4446,-0.5045
121.60,79.3487,10.4704,-0.5053
121.70,79.3010,10.4976,-0.5053
121.80,79.2572,10.5218,-0.5064
121.90,79.2107,10.5477,-0.5062
122.00,79.2089,10.5631,-0.3761
122.10,79.2248,10.5758,-0.2488
122.20,79.2320,10.5874,-0.1208
122.30,79.2368,10.5931,0.0068
122.40,79.2492,10.6015,0.1340
122.50,79.2601,10.6030,0.2485
122.60,79.2709,10.6217,0.3787
122.70,79.2810,10.6290,0.5035
122.80,79.2904,10.6514,0.6173
122.90,79.3035,10.6677,0.7342
123.00,79.3197,10.6777,0.8634
123.10,79.3474,10.6848,0.9893
123.20,79.3704,10.6999,1.1078
123.30,79.3704,10.7232,1.2249
123.40,79.3838,10.7363,1.3399
123.50,79.3903,10.7669,1.4555
123.60,79.3858,10.7815,1.5626
123.70,79.3922,10.8063,1.6600
123.80,79.3991,10.8320,1.7684
123.90,79.4037,10.8547,1.8851
124.00,79.4031,10.8561,1.8876
124.10,79.4029,10.8569,1.8876
124.20,79.4025,10.8579,1.8876
124.30,79.4021,10.8591,1.8875
124.40,79.4175,10.8125,1.8875
124.50,79.4339,10.7625,1.8877
124.60,79.4490,10.7146,1.8878
124.70,79.4651,10.6668,1.8882
124.80,79.4819,10.6168,1.8874
124.90,79.4969,10.5689,1.8919
125.00,79.5128,10.5230,1.8908
125.10,79.5293,10.4733,1.8901
125.20,79.5453,10.4261,1.8905
125.30,79.5616,10.3757,1.8897
125.40,79.5777,10.3275,1.8895
125.50,79.5944,10.2764,1.8887
125.60,79.6040,10.2622,2.0039
125.70,79.6020,10.2780,2.1267
125.80,79.5738,10.2927,2.2345
125.90,79.5685,10.3091,2.3610
126.00,79.5577,10.3199,2.4828
126.10,79.5500,10.3333,2.5987
126.20,79.5349,10.3370,2.7210
126.30,79.5332,10.3509,2.8521
126.40,79.5228,10.3700,2.9763
126.50,79.5148,10.3722,3.0884
126.60,79.5099,10.3796,-3.0623
126.70,79.5050,10.3851,-2.9419
126.80,79.5022,10.3890,-2.8431
126.90,79.4921,10.3832,-2.7488
127.00,79.4894,10.3800,-2.6582
127.10,79.4926,10.3855,-2.5626
127.20,79.4892,10.3902,-2.4834
127.30,79.4945,10.4053,-2.4293
127.40,79.4947,10.3987,-2.3598
127.50,79.4978,10.3941,-2.2875
127.60,79.5011,10.3942,-2.1977
127.70,79.5038,10.3877,-2.1027
127.80,79.5151,10.3891,-2.0106
127.90,79.5239,10.3763,-1.9086
128.00,79.5405,10.4249,-1.9067
128.10,79.5604,10.4788,-1.9067
128.20,79.5778,10.5302,-1.9054
128.30,79.5957,10.5836,-1.9071
128.40,79.6145,10.6359,-1.9072
128.50,79.6324,10.6884,-1.9061
128.60,79.6503,10.7410,-1.9064
128.70,79.6690,10.7955,-1.9059
128.80,79.6867,10.8473,-1.9061
128.90,79.7045,10.8981,-1.9074
129.00,79.7230,10.9514,-1.9065
129.10,79.7418,11.0050,-1.9075
129.20,79.7533,11.0144,-1.7939
129.30,79.7538,11.0124,-1.6707
129.40,79.7578,11.0125,-1.5584
129.50,79.7690,11.0061,-1.4411
129.60,79.7866,10.9991,-1.3263
129.70,79.8034,10.9946,-1.2075
129.80,79.8241,10.9904,-1.1025
129.90,79.8457,10.9885,-0.9750
130.00,79.8567,10.9949,-0.8698
130.10,79.8744,10.9973,-0.7582
130.20,79.8931,11.0057,-0.6381
130.30,79.9160,11.0138,-0.5349
130.40,79.9306,11.0272,-0.4328
130.50,79.9413,11.0355,-0.3318
130.60,79.9478,11.0459,-0.2439
130.70,79.9677,11.0618,-0.1382
130.80,79.9753,11.0690,-0.0540
130.90,79.9812,11.0851,0.0203
131.00,79.9829,11.0879,0.0995
131.10,79.9892,11.0901,0.1799
131.20,79.9911,11.0958,0.2555
131.30,79.9954,11.0993,0.3334
131.40,80.0064,11.1007,0.3929
131.50,80.0159,11.1000,0.4657
131.60,79.9778,11.0816,0.4670
131.70,79.9324,11.0566,0.4682
131.80,79.8852,11.0336,0.4686
131.90,79.8440,11.0112,0.4682
132.00,79.7976,10.9884,0.4682
132.10,79.7523,10.9657,0.4679
132.20,79.7085,10.9432,0.4680
132.30,79.6627,10.9204,0.4686
132.40,79.6155,10.8964,0.4676
132.50,79.5723,10.8744,0.4671
132.60,79.5257,10.8511,0.4684
132.70,79.4822,10.8285,0.4670
132.80,79.4748,10.8352,0.5935
132.90,79.4864,10.8487,0.7145
133.00,79.4914,10.8707,0.8325
133.10,79.4919,10.8783,0.9523
133.20,79.4967,10.9025,1.0679
133.30,79.5030,10.9137,1.1796
133.40,79.5173,10.9239,1.3085
133.50,79.5312,10.9374,1.4319
133.60,79.5434,10.9553,1.5607
133.70,79.5361,10.9796,1.6732
133.80,79.5328,10.9991,1.7932
133.90,79.5341,11.0255,1.9133
134.00,79.5308,11.0356,2.0135
134.10,79.5312,11.0426,2.1184
134.20,79.5263,11.0534,2.2221
134.30,79.5144,11.0645,2.3218
134.40,79.3809,11.2095,2.3192
134.50,79.2037,11.4132,2.2944
134.60,79.0321,11.6224,2.2690
134.70,78.8638,11.8334,2.2484
134.80,78.7005,12.0461,2.2139
134.90,78.5471,12.2706,2.1696
135.00,78.3983,12.4945,2.1439
135.10,78.2583,12.7260,2.1084
135.20,78.1242,12.9693,2.0781
135.30,77.9973,13.2112,2.0418
135.40,77.8813,13.4545,2.0071
135.50,77.7676,13.7142,1.9831
135.60,77.6501,13.9700,1.9819
135.70,77.5500,14.2241,1.9610
135.80,77.4458,14.4900,1.9360
135.90,77.3550,14.7558,1.9060
136.00,77.2678,15.0195,1.8947
136.10,77.1800,15.2877,1.8875
136.20,77.0978,15.5563,1.8691
136.30,77.0191,15.8263,1.8528
136.40,76.9373,16.0960,1.8462
136.50,76.8606,16.3694,1.8361
136.60,76.7916,16.6308,1.8311
136.70,76.7201,16.8980,1.8138
136.80,76.6579,17.1645,1.7858
136.90,76.6051,17.4346,1.7587
137.00,76.5604,17.7070,1.7276
137.10,76.5227,17.9804,1.6920
137.20,76.5096,18.0194,1.6530
137.30,76.5137,17.9649,1.6531
137.40,76.5184,17.9135,1.6529
137.50,76.5227,17.8579,1.6521
137.60,76.5128,17.8525,1.7704
137.70,76.5141,17.8569,1.8841
137.80,76.5203,17.8723,2.0103
137.90,76.5227,17.8883,2.1246
138.00,76.5230,17.8955,2.2369
138.10,76.5225,17.9120,2.3484
138.20,76.5230,17.9313,2.4692
138.30,76.5238,17.9445,2.5805
138.40,76.5200,17.9583,2.7066
138.50,76.5161,17.9681,2.8198
138.60,76.5060,17.9846,2.9478
138.70,76.4913,18.0030,3.0742
138.80,76.4902,18.0001,-3.1001
138.90,76.4833,18.0063,-2.9918
139.00,76.4693,17.9907,-2.8859
139.10,76.4602,17.9746,-2.7715
139.20,76.4484,17.9519,-2.6668
139.30,76.4376,17.9287,-2.5586
139.40,76.4433,17.9094,-2.4462
139.50,76.4406,17.8856,-2.3349
139.60,76.4394,17.8684,-2.2398
139.70,76.4433,17.8535,-2.1596
139.80,76.4499,17.8434,-2.0707
139.90,76.4528,17.8370,-1.9811
140.00,76.4559,17.8270,-1.9362
140.10,76.4595,17.8163,-1.8787
140.20,76.4675,17.8008,-1.8161
140.30,76.4689,17.7959,-1.7398
140.40,76.4766,17.7886,-1.6232
140.50,76.4729,17.7913,-1.5050
140.60,76.4695,17.7826,-1.3865
140.70,76.4573,17.7617,-1.2575
140.80,76.4554,17.7529,-1.1385
140.90,76.4543,17.7344,-1.0267
141.00,76.4638,17.7291,-0.9099
141.10,76.4636,17.7064,-0.7856
141.20,76.4647,17.6914,-0.6596
141.30,76.4636,17.6838,-0.5370
141.40,76.4672,17.6798,-0.4060
141.50,76.4751,17.6667,-0.2832
141.60,76.4870,17.6689,-0.2192
141.70,76.4949,17.6705,-0.1421
141.80,76.5045,17.6699,-0.0908
141.90,76.5107,17.6708,-0.0316
142.00,76.5078,17.6674,-0.0043
142.10,76.5146,17.6616,0.0275
142.20,76.5197,17.6574,0.0630
142.30,76.5185,17.6565,0.0733
142.40,76.5170,17.6576,0.0856
142.50,76.5150,17.6564,0.1103
142.60,76.5116,17.6604,0.1431
142.70,76.5178,17.6630,0.1510
142.80,76.4698,17.6560,0.1500
142.90,76.4163,17.6471,0.1493
143.00,76.3637,17.6401,0.1508
143.10,76.3125,17.6317,0.1500
143.20,76.2613,17.6235,0.1509
143.30,76.2096,17.6165,0.1502
143.40,76.1572,17.6079,0.1508
143.50,76.1069,17.6009,0.1505
143.60,76.0556,17.5925,0.1492
143.70,76.0030,17.5848,0.1493
143.80,75.9516,17.5772,0.1480
143.90,75.8991,17.5691,0.1497
144.00,75.8834,17.5675,0.2561
144.10,75.8945,17.5749,0.3751
144.20,75.9160,17.5691,0.4897
144.30,75.9292,17.5643,0.5985
144.40,75.9481,17.5629,0.7076
144.50,75.9608,17.5620,0.8142
144.60,75.9746,17.5617,0.9281
144.70,75.9975,17.5650,1.0421
144.80,76.0223,17.5733,1.1669
144.90,76.0430,17.5813,1.2862
145.00,76.0594,17.5939,1.4131
145.10,76.0814,17.6140,1.5309
145.20,76.0940,17.6288,1.6342
145.30,76.0987,17.6362,1.7242
145.40,76.0927,17.6460,1.8022
145.50,76.0792,17.6550,1.8848
145.60,76.0639,17.6645,1.9937
145.70,76.0482,17.6701,2.0857
145.80,76.0233,17.6829,2.1796
145.90,76.0180,17.6833,2.2747
146.00,75.9923,17.6876,2.3652
146.10,75.9690,17.6889,2.4629
146.20,75.9626,17.6856,2.5437
146.30,75.9584,17.6875,2.6475
146.40,75.9552,17.6885,2.6665
146.50,75.9547,17.6897,2.6955
146.60,75.9532,17.6909,2.7151
146.70,75.9453,17.6887,2.7560
146.80,75.9417,17.6877,2.8549
146.90,75.9428,17.6830,2.9561
147.00,75.9380,17.6797,3.0775
147.10,75.9218,17.6691,-3.1012
147.20,75.9106,17.6548,-2.9805
147.30,75.9096,17.6545,-2.8664
147.40,75.8955,17.6586,-2.7468
147.50,75.8855,17.6600,-2.6215
147.60,75.8656,17.6624,-2.5120
147.70,75.8438,17.6666,-2.3959
147.80,75.8249,17.6694,-2.2743
147.90,75.8108,17.6670,-2.1625
148.00,75.7994,17.6676,-2.1033
148.10,75.7840,17.6622,-2.0284
148.20,75.7749,17.6593,-1.9648
148.30,75.7698,17.6564,-1.9032
148.40,75.7648,17.6565,-1.8574
148.50,75.7562,17.6517,-1.8131
148.60,75.7456,17.6404,-1.7520
148.70,75.7366,17.6288,-1.7182
148.80,75.7308,17.6100,-1.6992
148.90,75.7306,17.6065,-1.6939
149.00,75.7305,17.6078,-1.6928
149.10,75.7302,17.6098,-1.6919
149.20,75.7342,17.6500,-1.6927
149.30,75.7414,17.7040,-1.6930
149.40,75.7498,17.7584,-1.6926
149.50,75.7534,17.8075,-1.6919
149.60,75.7604,17.8619,-1.6909
149.70,75.7667,17.9139,-1.6920
149.80,75.7728,17.9675,-1.6910
149.90,75.7802,18.0208,-1.6901
150.00,75.7851,18.0696,-1.6917
150.10,75.7918,18.1228,-1.6904
150.20,75.7985,18.1762,-1.6905
150.30,75.8040,18.2277,-1.6908
150.40,75.8117,18.2352,-1.5820
150.50,75.8194,18.2370,-1.4643
150.60,75.8132,18.2269,-1.3378
150.70,75.8258,18.2171,-1.2254
150.80,75.8330,18.2127,-1.1138
150.90,75.8461,18.2137,-1.0014
151.00,75.8524,18.2112,-0.8831
151.10,75.8828,18.2066,-0.7698
151.20,75.8921,18.2128,-0.6491
151.30,75.9147,18.2174,-0.5348
151.40,75.9229,18.2181,-0.4244
151.50,75.9399,18.2264,-0.3190
151.60,75.9526,18.2400,-0.2202
151.70,75.9717,18.2492,-0.1392
151.80,75.9703,18.2539,-0.0486
151.90,75.9808,18.2648,0.0453
152.00,75.9746,18.2558,0.1261
152.10,75.9816,18.2697,0.2087
152.20,75.9810,18.2726,0.3007
152.30,75.9956,18.2687,0.3885
152.40,76.0143,18.2664,0.4633
152.50,76.0219,18.2581,0.5387
152.60,76.0285,18.2556,0.5951
152.70,76.0519,18.2570,0.6620
152.80,76.0194,18.2304,0.6630
152.90,75.9767,18.1966,0.6641
153.00,75.9339,18.1646,0.6626
153.10,75.8944,18.1341,0.6629
153.20,75.8544,18.1022,0.6635
153.30,75.8127,18.0682,0.6631
153.40,75.7722,18.0380,0.6637
153.50,75.7347,18.0072,0.6634
153.60,75.6935,17.9759,0.6645
153.70,75.6559,17.9439,0.6633
153.80,75.6107,17.9118,0.6629
153.90,75.5739,17.8816,0.6629
154.00,75.5712,17.8827,0.7667
154.10,75.5724,17.9135,0.8802
154.20,75.5746,17.9363,0.9986
154.30,75.5714,17.9653,1.1010
154.40,75.5627,17.9948,1.2237
154.50,75.5583,18.0167,1.3364
154.60,75.5446,18.0438,1.4556
154.70,75.5341,18.0612,1.5745
154.80,75.5473,18.0785,1.6911
154.90,75.5572,18.1012,1.8125
155.00,75.5697,18.1164,1.9267
155.10,75.5768,18.1365,2.0429
155.20,75.5831,18.1590,2.1467
155.30,75.5876,18.1817,2.2606
155.40,75.5914,18.2049,2.3769
155.50,75.5895,18.2278,2.4816
155.60,75.5886,18.2445,2.5596
155.70,75.5875,18.2566,2.6397
155.80,75.5833,18.2746,2.7153
155.90,75.5763,18.2924,2.8086
156.00,75.5676,18.3059,2.9011
156.10,75.5636,18.3175,2.9738
156.20,75.5568,18.3275,3.0603
156.30,75.5465,18.3236,-3.1292
156.40,75.5938,18.3253,-3.1272
156.50,75.6478,18.3266,-3.1267
156.60,75.7014,18.3259,-3.1286
156.70,75.7557,18.3275,-3.1276
156.80,75.8086,18.3280,-3.1291
156.90,75.8607,18.3292,-3.1278
157.00,75.9130,18.3298,-3.1272
157.10,75.9651,18.3295,-3.1280
157.20,76.0176,18.3309,-3.1279
157.30,76.0728,18.3308,-3.1279
157.40,76.1236,18.3325,-3.1287
157.50,76.1768,18.3330,-3.1294
157.60,76.1844,18.3241,-3.0250
157.70,76.1717,18.3087,-2.9109
157.80,76.1639,18.3035,-2.7855
157.90,76.1611,18.2981,-2.6674
158.00,76.1598,18.2924,-2.5583
158.10,76.1566,18.2840,-2.4372
158.20,76.1535,18.2833,-2.3240
158.30,76.1523,18.2812,-2.2134
158.40,76.1427,18.2771,-2.0923
158.50,76.1244,18.2696,-1.9743
158.60,76.1220,18.2672,-1.8646
158.70,76.1065,18.2536,-1.7466
158.80,76.1034,18.2530,-1.6945
158.90,76.0993,18.2482,-1.6281
159.00,76.0884,18.2426,-1.5580
159.10,76.0851,18.2375,-1.4958
159.20,76.0804,18.2300,-1.4475
159.30,76.0741,18.2236,-1.4050
159.40,76.0770,18.2317,-1.3629
159.50,76.0814,18.2319,-1.3227
159.60,76.0790,18.2374,-1.2783
159.70,76.0795,18.2342,-1.2313
159.80,76.0760,18.2264,-1.1631
159.90,76.0779,18.2255,-1.1009
160.00,76.0585,18.2654,-1.0996
160.10,76.0341,18.3136,-1.1012
160.20,76.0090,18.3623,-1.0997
160.30,75.9867,18.4059,-1.1009
160.40,75.9622,18.4540,-1.0998
160.50,75.9387,18.5010,-1.1019
160.60,75.9147,18.5490,-1.0999
160.70,75.8908,18.5953,-1.1011
160.80,75.8667,18.6425,-1.1020
160.90,75.8440,18.6916,-1.1013
161.00,75.8192,18.7372,-1.1027
161.10,75.7949,18.7857,-1.1021
161.20,75.7710,18.8329,-1.1037
161.30,75.7460,18.8836,-1.1036
161.40,75.7236,18.9287,-1.1029
161.50,75.6998,18.9742,-1.1034
161.60,75.7062,18.9807,-0.9925
161.70,75.7242,18.9729,-0.8755
161.80,75.7446,18.9706,-0.7649
161.90,75.7648,18.9730,-0.6334
162.00,75.7757,18.9726,-0.5290
162.10,75.7975,18.9795,-0.4114
162.20,75.8183,18.9875,-0.3039
162.30,75.8244,18.9942,-0.1865
162.40,75.8236,18.9858,-0.0746
162.50,75.8337,18.9851,0.0474
162.60,75.8470,18.9714,0.1620
162.70,75.8603,18.9629,0.2779
162.80,75.8663,18.9611,0.3969
162.90,75.8731,18.9609,0.5011
163.00,75.8847,18.9571,0.6146
163.10,75.9007,18.9544,0.7393
163.20,75.9016,18.9532,0.8376
163.30,75.9068,18.9536,0.9480
163.40,75.9164,18.9571,1.0574
163.50,75.9299,18.9611,1.1753
163.60,75.9286,18.9567,1.1772
163.70,75.9263,18.9515,1.1781
163.80,75.9263,18.9515,1.1780
163.90,75.9263,18.9515,1.1780
164.00,75.9090,18.9092,1.1789
164.10,75.8877,18.8589,1.1785
164.20,75.8685,18.8095,1.1796
164.30,75.8492,18.7659,1.1802
164.40,75.8292,18.7141,1.1811
164.50,75.8079,18.6663,1.1820
164.60,75.7886,18.6165,1.1817
164.70,75.7700,18.5730,1.1822
164.80,75.7496,18.5223,1.1822
164.90,75.7304,18.4723,1.1833
165.00,75.7096,18.4237,1.1843
165.10,75.6910,18.3760,1.1841
165.20,75.6725,18.3721,1.3065
165.30,75.6795,18.3765,1.4178
165.40,75.6839,18.3824,1.5334
165.50,75.6764,18.3915,1.6503
165.60,75.6788,18.3986,1.7641
165.70,75.6814,18.3996,1.8783
165.80,75.6705,18.4131,1.9953
165.90,75.6632,18.4168,2.1241
166.00,75.6536,18.4182,2.2423
166.10,75.6404,18.4140,2.3559
166.20,75.6333,18.4134,2.4737
166.30,75.6268,18.4133,2.5907
166.40,75.6278,18.4143,2.6929
166.50,75.6223,18.4224,2.8043
166.60,75.6078,18.4204,2.8998
166.70,75.5989,18.4178,2.9968
166.80,75.5916,18.4255,3.0822
166.90,75.5890,18.4276,-3.1212
167.00,75.5922,18.4299,-3.0637
167.10,75.5880,18.4242,-2.9865
167.20,75.5808,18.4274,-2.9116
167.30,75.5767,18.4198,-2.8363
167.40,75.5753,18.4194,-2.7630
167.50,75.5712,18.4179,-2.6948
167.60,75.6160,18.4383,-2.6951
167.70,75.6661,18.4615,-2.6955
167.80,75.7116,18.4849,-2.6951
167.90,75.7584,18.5070,-2.6941
168.00,75.8079,18.5307,-2.6951
168.10,75.8548,18.5537,-2.6943
168.20,75.9021,18.5759,-2.6943
168.30,75.9464,18.5978,-2.6952
168.40,75.9925,18.6191,-2.6939
168.50,76.0421,18.6438,-2.6945
168.60,76.0887,18.6648,-2.6939
168.70,76.1349,18.6885,-2.6927
168.80,76.1828,18.7109,-2.6937
168.90,76.2309,18.7345,-2.6925
169.00,76.2777,18.7569,-2.6935
169.10,76.3242,18.7798,-2.6934
169.20,76.3321,18.7773,-2.5873
169.30,76.3254,18.7749,-2.4688
169.40,76.3165,18.7774,-2.3485
169.50,76.3099,18.7753,-2.2298
169.60,76.3060,18.7750,-2.1120
169.70,76.3117,18.7660,-1.9915
169.80,76.3025,18.7592,-1.8722
169.90,76.2912,18.7587,-1.7489
170.00,76.2835,18.7528,-1.6384
170.10,76.2860,18.7505,-1.5165
170.20,76.2912,18.7488,-1.3933
170.30,76.2813,18.7537,-1.2771
170.40,76.2942,18.7462,-1.1671
170.50,76.2888,18.7475,-1.0559
170.60,76.3032,18.7434,-0.9327
170.70,76.3127,18.7432,-0.8098
170.80,76.3163,18.7427,-0.6834
170.90,76.3146,18.7408,-0.5617
171.00,76.3300,18.7460,-0.4517
171.10,76.3340,18.7441,-0.3324
171.20,76.3505,18.7507,-0.2215
171.30,76.3581,18.7538,-0.1195
171.40,76.3737,18.7632,-0.0166
171.50,76.3872,18.7738,0.0827
171.60,76.3396,18.7706,0.0857
171.70,76.2857,18.7653,0.0856
171.80,76.2324,18.7603,0.0850
171.90,76.1800,18.7560,0.0875
172.00,76.1269,18.7522,0.0877
172.10,76.0765,18.7478,0.0867
172.20,76.0242,18.7434,0.0879
172.30,75.9715,18.7379,0.0863
172.40,75.9178,18.7335,0.0865
172.50,75.8654,18.7290,0.0856
172.60,75.8131,18.7247,0.0870
172.70,75.7593,18.7201,0.0865
172.80,75.7519,18.7244,0.1968
172.90,75.7622,18.7216,0.3116
173.00,75.7720,18.7201,0.4298
173.10,75.7957,18.7143,0.5466
173.20,75.8150,18.7103,0.6625
173.30,75.8291,18.7046,0.7756
173.40,75.8419,18.7042,0.8898
173.50,75.8526,18.7071,0.9963
173.60,75.8652,18.7096,1.1204
173.70,75.8801,18.7166,1.2383
173.80,75.8862,18.7196,1.3474
173.90,75.8928,18.7215,1.4802
174.00,75.8916,18.7265,1.6042
174.10,75.8865,18.7289,1.7274
174.20,75.8756,18.7346,1.8281
174.30,75.8559,18.7456,1.9475
174.40,75.8554,18.7457,2.0399
174.50,75.8335,18.7532,2.1344
174.60,75.8191,18.7526,2.2431
174.70,75.7959,18.7583,2.3428
174.80,75.7857,18.7534,2.4446
174.90,75.7869,18.7495,2.5254
175.00,75.7725,18.7469,2.6165
175.10,75.7544,18.7439,2.7084
175.20,75.7962,18.7254,2.7107
175.30,75.8437,18.7038,2.7100
175.40,75.8945,18.6800,2.7104
175.50,75.9400,18.6593,2.7084
175.60,75.9861,18.6382,2.7090
175.70,76.0350,18.6148,2.7090
175.80,76.0822,18.5936,2.7090
175.90,76.1319,18.5708,2.7071
176.00,76.1766,18.5486,2.7081
176.10,76.2273,18.5259,2.7070
176.20,76.2742,18.5028,2.7074
176.30,76.3206,18.4831,2.7053
176.40,76.3234,18.4743,2.8015
176.50,76.3103,18.4654,2.9169
176.60,76.2917,18.4506,3.0259
176.70,76.2732,18.4370,-3.1285
176.80,76.2571,18.4206,-3.0206
176.90,76.2486,18.4121,-2.8926
177.00,76.2454,18.4053,-2.7900
177.10,76.2360,18.4035,-2.6681
177.20,76.2289,18.4019,-2.5436
177.30,76.2239,18.4044,-2.4225
177.40,76.2217,18.4012,-2.3099
177.50,76.2073,18.3973,-2.1961
177.60,76.2005,18.3995,-2.1239
177.70,76.2019,18.3996,-2.0465
177.80,76.1871,18.3929,-1.9653
177.90,76.1789,18.3857,-1.8865
178.00,76.1755,18.3867,-1.8555
178.10,76.1784,18.3917,-1.8208
178.20,76.1842,18.3943,-1.7813
178.30,76.1919,18.4002,-1.7431
178.40,76.1901,18.4024,-1.7250
178.50,76.1858,18.4017,-1.6962
178.60,76.1796,18.3984,-1.6452
178.70,76.1730,18.3856,-1.6078
178.80,76.1756,18.4321,-1.6067
178.90,76.1771,18.4828,-1.6067
179.00,76.1790,18.5368,-1.6077
179.10,76.1802,18.5908,-1.6090
179.20,76.1825,18.6400,-1.6067
179.30,76.1845,18.6936,-1.6068
179.40,76.1862,18.7469,-1.6082
179.50,76.1874,18.7978,-1.6092
179.60,76.1895,18.8525,-1.6087
179.70,76.1921,18.9042,-1.6077
179.80,76.1936,18.9583,-1.6086
179.90,76.1955,19.0118,-1.6093
180.00,76.1988,19.0289,-1.5016
180.10,76.2040,19.0244,-1.3951
180.20,76.2178,19.0141,-1.2809
180.30,76.2257,19.0116,-1.1603
180.40,76.2306,19.0120,-1.0513
180.50,76.2335,19.0093,-0.9455
180.60,76.2503,19.0107,-0.8288
180.70,76.2634,19.0097,-0.7221
180.80,76.2754,19.0119,-0.6086
180.90,76.2809,19.0149,-0.4719
181.00,76.2924,19.0258,-0.3623
181.10,76.3060,19.0320,-0.2438
181.20,76.3038,19.0356,-0.1159
181.30,76.3044,19.0490,0.0029
181.40,76.3143,19.0455,0.1212
181.50,76.3264,19.0393,0.2451
181.60,76.3337,19.0413,0.3496
181.70,76.3348,19.0499,0.4425
181.80,76.3480,19.0485,0.5385
181.90,76.3659,19.0460,0.6516
182.00,76.3788,19.0436,0.7593
182.10,76.3739,19.0549,0.8665
182.20,76.3752,19.0593,0.9651
182.30,76.3856,19.0694,1.0705
182.40,76.3655,19.0284,1.0766
182.50,76.3405,18.9818,1.0770
182.60,76.3141,18.9333,1.0767
182.70,76.2901,18.8872,1.0772
182.80,76.2652,18.8406,1.0774
182.90,76.2412,18.7952,1.0759
183.00,76.2137,18.7463,1.0760
183.10,76.1898,18.6992,1.0768
183.20,76.1668,18.6560,1.0763
183.30,76.1410,18.6086,1.0782
183.40,76.1160,18.5624,1.0763
183.50,76.0912,18.5155,1.0774
183.60,76.0876,18.5140,1.1925
183.70,76.0933,18.5180,1.3043
183.80,76.1108,18.5315,1.4282
183.90,76.1194,18.5451,1.5413
184.00,76.1194,18.5531,1.6599
184.10,76.1140,18.5676,1.7741
184.20,76.0911,18.5786,1.8841
184.30,76.0675,18.5921,1.9993
184.40,76.0477,18.5959,2.1134
184.50,76.0264,18.6016,2.2368
184.60,76.0174,18.6000,2.3335
184.70,75.9944,18.6013,2.4457
184.80,75.9837,18.5985,2.5442
184.90,75.9632,18.5973,2.6350
185.00,75.9459,18.5932,2.7299
185.10,75.9312,18.5863,2.8347
185.20,75.9351,18.5898,2.8766
185.30,75.9173,18.5827,2.9356
185.40,75.9027,18.5765,2.9875
185.50,75.8937,18.5684,3.0489
185.60,75.8915,18.5584,3.1243
185.70,75.8826,18.5506,-3.0708
185.80,75.8723,18.5589,-2.9939
185.90,75.8551,18.5686,-2.9084
186.00,75.8986,18.5804,-2.9052
186.10,75.9491,18.5922,-2.9054
186.20,76.0012,18.6044,-2.9051
186.30,76.0519,18.6165,-2.9049
186.40,76.1038,18.6295,-2.9058
186.50,76.1550,18.6410,-2.9054
186.60,76.2074,18.6542,-2.9054
186.70,76.2570,18.6668,-2.9052
186.80,76.3087,18.6792,-2.9071
186.90,76.3600,18.6913,-2.9073
187.00,76.4088,18.7028,-2.9051
187.10,76.4593,18.7162,-2.9072
187.20,76.4596,18.7059,-2.8013
187.30,76.4550,18.7012,-2.6796
187.40,76.4499,18.6804,-2.5641
187.50,76.4465,18.6776,-2.4398
187.60,76.4470,18.6722,-2.3197
187.70,76.4391,18.6665,-2.1988
187.80,76.4261,18.6557,-2.0841
187.90,76.4087,18.6501,-1.9583
188.00,76.3998,18.6442,-1.8434
188.10,76.3820,18.6325,-1.7197
188.20,76.3728,18.6264,-1.5918
188.30,76.3534,18.6042,-1.4716
188.40,76.3460,18.5919,-1.3706
188.50,76.3369,18.5815,-1.2868
188.60,76.3287,18.5693,-1.2048
188.70,76.3287,18.5556,-1.1145
188.80,76.3287,18.5364,-1.0172
188.90,76.3382,18.5331,-0.9121
189.00,76.3388,18.5309,-0.8163
189.10,76.3459,18.5292,-0.7329
189.20,76.3698,18.5318,-0.6327
189.30,76.3638,18.5216,-0.5206
189.40,76.3545,18.5191,-0.4279
189.50,76.3667,18.5252,-0.3240
189.60,76.3206,18.5389,-0.3215
189.70,76.2715,18.5563,-0.3216
189.80,76.2244,18.5715,-0.3216
189.90,76.1718,18.5913,-0.3204
190.00,76.1216,18.6077,-0.3215
190.10,76.0735,18.6221,-0.3224
190.20,76.0232,18.6381,-0.3223
190.30,75.9724,18.6560,-0.3217
190.40,75.9212,18.6737,-0.3227
190.50,75.8714,18.6902,-0.3216
190.60,75.8247,18.7049,-0.3225
