ts,vio_x,vio_y,candidates_tried,best_n_inliers,best_reproj_err,anchor_x,anchor_y,outcome
1776895759.688,71.086,-22.229,3,63,0.85,71.0405923836321,-22.15645049972106,published_std0.05_shift0.1
1776895760.188,71.086,-22.229,3,62,0.85,71.04306611216829,-22.158764402949828,published_std0.05_shift0.1
1776895760.688,71.086,-22.229,3,57,0.89,71.04447535008565,-22.157414329031372,published_std0.05_shift0.1
1776895761.188,71.086,-22.229,3,60,0.92,71.0464259621529,-22.15393000218236,published_std0.05_shift0.1
1776895761.688,71.086,-22.229,3,57,0.81,71.04476666299756,-22.15744407581109,published_std0.05_shift0.1
1776895762.188,71.086,-22.229,3,53,0.81,71.04593168026186,-22.171404598990634,published_std0.05_shift0.1
1776895762.690,71.086,-22.229,3,58,0.92,71.0468601763332,-22.176824276896305,published_std0.05_shift0.1
1776895763.188,71.086,-22.229,3,55,0.91,71.04575471584202,-22.165401681990044,published_std0.05_shift0.1
1776895763.688,71.086,-22.229,3,59,0.92,71.05069530169672,-22.165267987567947,published_std0.05_shift0.1
1776895764.188,71.086,-22.229,3,57,0.88,71.04375328465905,-22.15732813306196,published_std0.05_shift0.1
1776895764.688,71.086,-22.229,3,58,0.93,71.04374312557829,-22.165627331474,published_std0.05_shift0.1
1776895765.188,71.086,-22.229,3,55,0.87,71.04405792425717,-22.172828988330107,published_std0.05_shift0.1
1776895765.688,71.086,-22.229,3,58,0.91,71.04286460447778,-22.166286380338676,published_std0.05_shift0.1
1776895766.188,71.086,-22.229,3,58,0.87,71.04310812100911,-22.162901771986594,published_std0.05_shift0.1
1776895766.688,71.086,-22.229,3,54,0.86,71.04283181617599,-22.167232353174995,published_std0.05_shift0.1
1776895767.188,71.086,-22.229,3,55,0.80,71.04946504262293,-22.178214167257583,published_std0.05_shift0.1
1776895767.688,71.086,-22.229,3,57,0.77,71.05148690305025,-22.17868656554398,published_std0.05_shift0.1
1776895768.188,71.086,-22.229,3,55,0.86,71.0513508728741,-22.171846562946936,published_std0.05_shift0.1
1776895768.688,71.135,-22.118,3,60,1.09,71.14519050850572,-22.221909765011798,published_std0.05_shift0.1
1776895769.188,71.135,-22.118,3,62,1.08,71.16646057675428,-22.215753860586894,published_std0.05_shift0.1
1776895769.688,71.199,-21.985,3,56,1.06,71.29263503858884,-22.283827312221646,published_std0.05_shift0.3
1776895770.188,71.265,-21.856,3,34,0.95,71.45650585442367,-22.34991140312,published_std0.05_shift0.5
1776895770.688,71.335,-21.729,3,21,1.03,71.42448564980076,-22.35251825228766,published_std0.11_shift0.6
1776895771.188,71.319,-21.751,3,24,1.08,71.5327917451483,-22.379689415775132,published_std0.07_shift0.7
1776895771.688,71.319,-21.751,3,29,1.00,71.56164067215671,-22.3942250086942,published_std0.05_shift0.7
1776895772.188,71.278,-21.822,3,32,0.98,71.56419957187384,-22.305352631798332,published_std0.05_shift0.6
1776895772.688,71.239,-21.893,3,31,1.19,71.39563066119578,-22.345388221050573,published_std0.05_shift0.5
1776895773.188,71.197,-21.966,3,38,0.92,71.30395333307274,-22.277301928525326,published_std0.05_shift0.3
1776895773.688,71.242,-21.880,3,34,0.94,71.34258055700474,-22.434093958136632,published_std0.05_shift0.6
1776895774.189,71.242,-21.880,3,35,0.99,71.43919556505378,-22.33509661161988,published_std0.05_shift0.5
1776895774.688,71.312,-21.754,3,27,0.92,71.63304123967966,-22.329771772209376,published_std0.05_shift0.7
1776895775.188,71.384,-21.628,3,30,1.08,71.2357237100393,-19.609082146987607,published_std0.05_shift2.0
1776895775.688,71.457,-21.502,3,34,1.11,71.81264651450003,-22.489748019640018,published_std0.05_shift1.0
1776895776.188,71.457,-21.502,3,32,0.96,71.40891766175075,-19.607678256928786,published_std0.05_shift1.9
1776895776.688,71.531,-21.379,3,28,0.98,71.53006692220336,-19.693871541788617,published_std0.05_shift1.7
1776895777.188,71.604,-21.253,3,34,0.92,71.56112949775084,-19.79748506181625,published_std0.05_shift1.5
1776895777.688,71.678,-21.128,3,36,0.96,71.64507087122853,-19.9230310576918,published_std0.05_shift1.2
1776895778.188,71.749,-21.004,3,37,1.04,71.67633082562153,-19.93458943971571,published_std0.05_shift1.1
1776895778.688,71.749,-21.004,3,43,1.06,71.71404203808203,-20.007481982468956,published_std0.05_shift1.0
1776895779.188,71.787,-20.938,3,50,0.96,71.78198418286217,-20.07526903999539,published_std0.05_shift0.9
1776895779.688,71.810,-20.895,3,51,0.94,71.80460737659979,-20.14352571985326,published_std0.05_shift0.8
1776895780.188,71.839,-20.846,3,46,0.99,71.84319767387754,-20.190357890521653,published_std0.05_shift0.7
1776895780.688,71.855,-20.808,3,44,0.91,71.87157506533832,-20.21184450637812,published_std0.05_shift0.6
1776895781.188,71.855,-20.808,3,53,0.84,71.91595619193681,-20.2102453735547,published_std0.05_shift0.6
1776895781.690,71.889,-20.765,3,50,0.95,71.9553583429104,-20.25393797354222,published_std0.05_shift0.5
1776895782.188,71.922,-20.731,3,62,0.98,72.01814529460981,-20.263349390585073,published_std0.05_shift0.5
1776895782.688,71.959,-20.685,3,66,0.88,72.04673490534964,-20.33892155753887,published_std0.05_shift0.4
1776895783.188,71.959,-20.685,3,60,0.88,71.93263983247738,-20.439560303941487,published_std0.05_shift0.2
1776895783.688,71.995,-20.650,3,65,0.88,72.11402387329761,-20.33455774124402,published_std0.05_shift0.3
1776895784.188,72.087,-20.563,3,58,0.97,72.19151538658447,-20.416258084405175,published_std0.05_shift0.2
1776895784.688,72.190,-20.459,3,46,0.94,72.28231141278427,-20.542161965212106,published_std0.05_shift0.1
1776895785.188,72.291,-20.362,3,41,1.06,72.3129640459493,-20.525270768998297,published_std0.05_shift0.2
1776895785.688,72.291,-20.362,3,47,0.92,72.39050166858675,-20.633131623628,published_std0.05_shift0.3
1776895786.188,72.391,-20.267,3,41,1.15,72.45841431265528,-20.78779913083386,published_std0.05_shift0.5
1776895786.690,72.568,-20.102,3,32,1.09,72.61991886347609,-20.898824952224622,published_std0.05_shift0.8
1776895787.190,72.761,-19.926,3,21,1.20,72.75554028697897,-21.067436226337314,published_std0.11_shift1.1
1776895787.688,72.954,-19.754,3,29,1.42,72.9108982168578,-21.103357560045666,published_std0.05_shift1.3
1776895788.188,72.954,-19.754,3,0,,,,no_pnp_accept
1776895788.688,73.155,-19.581,3,17,1.09,73.19460039405435,-18.476678919009483,published_std0.17_shift1.1
1776895789.188,73.356,-19.410,3,24,1.02,73.40965001158818,-18.735409417942996,published_std0.07_shift0.7
1776895789.688,73.555,-19.240,3,23,0.79,73.41074876330893,-18.72657469751183,published_std0.08_shift0.5
1776895790.188,73.555,-19.240,3,35,0.93,73.62502930577249,-18.92868368349819,published_std0.05_shift0.3
1776895790.689,73.760,-19.069,3,18,0.81,73.85140039140668,-19.274507823198718,published_std0.16_shift0.2
1776895791.189,73.960,-18.899,3,0,,,,no_pnp_accept
1776895791.688,74.039,-18.836,3,0,,,,no_pnp_accept
1776895792.188,74.078,-18.803,3,0,,,,no_pnp_accept
1776895792.688,74.078,-18.803,3,0,,,,no_pnp_accept
1776895793.188,74.118,-18.774,3,0,,,,no_pnp_accept
1776895793.688,74.155,-18.742,3,0,,,,no_pnp_accept
1776895794.188,74.255,-18.660,3,0,,,,no_pnp_accept
1776895794.688,74.255,-18.660,3,0,,,,no_pnp_accept
1776895795.190,74.363,-18.570,3,0,,,,no_pnp_accept
1776895795.688,74.466,-18.485,3,0,,,,no_pnp_accept
1776895796.188,74.570,-18.392,3,0,,,,no_pnp_accept
1776895796.688,74.636,-18.324,3,0,,,,no_pnp_accept
1776895797.188,74.636,-18.324,3,0,,,,no_pnp_accept
1776895797.688,74.685,-18.261,3,0,,,,no_pnp_accept
1776895798.188,74.722,-18.191,3,0,,,,no_pnp_accept
1776895798.688,74.754,-18.118,3,0,,,,no_pnp_accept
1776895799.189,74.754,-18.118,3,0,,,,no_pnp_accept
1776895799.688,74.773,-18.051,3,0,,,,no_pnp_accept
1776895800.188,74.794,-17.969,3,12,1.61,74.09208701259008,-20.15830360454406,published_std0.20_shift2.3
1776895800.688,74.819,-17.875,3,0,,,,no_pnp_accept
1776895801.188,74.835,-17.787,3,0,,,,no_pnp_accept
1776895801.688,74.835,-17.787,3,0,,,,no_pnp_accept
1776895802.188,74.848,-17.682,3,0,,,,no_pnp_accept
1776895802.688,74.848,-17.575,3,0,,,,no_pnp_accept
1776895803.188,74.836,-17.476,3,0,,,,no_pnp_accept
1776895803.688,74.836,-17.476,3,0,,,,no_pnp_accept
1776895804.188,74.818,-17.373,3,0,,,,no_pnp_accept
1776895804.688,74.792,-17.272,3,0,,,,no_pnp_accept
1776895805.188,74.761,-17.186,3,0,,,,no_pnp_accept
1776895805.688,74.723,-17.096,3,0,,,,no_pnp_accept
1776895806.188,74.723,-17.096,3,0,,,,no_pnp_accept
1776895806.688,74.677,-17.010,3,0,,,,no_pnp_accept
1776895807.188,74.629,-16.928,3,0,,,,no_pnp_accept
1776895807.692,74.582,-16.843,3,0,,,,no_pnp_accept
1776895808.188,74.582,-16.843,3,0,,,,no_pnp_accept
1776895808.688,74.533,-16.764,3,0,,,,no_pnp_accept
1776895809.188,74.474,-16.686,2,0,,,,no_pnp_accept
1776895809.688,74.429,-16.628,1,0,,,,no_pnp_accept
1776895810.188,74.382,-16.580,1,0,,,,no_pnp_accept
1776895810.688,74.382,-16.580,1,0,,,,no_pnp_accept
1776895811.188,74.333,-16.536,1,0,,,,no_pnp_accept
1776895811.689,74.278,-16.495,0,0,,,,no_candidates
1776895812.188,74.226,-16.462,0,0,,,,no_candidates
1776895812.688,74.170,-16.436,0,0,,,,no_candidates
1776895813.188,74.170,-16.436,0,0,,,,no_candidates
1776895813.689,74.108,-16.411,0,0,,,,no_candidates
1776895814.188,74.061,-16.407,0,0,,,,no_candidates
1776895814.688,74.017,-16.405,0,0,,,,no_candidates
1776895815.188,73.966,-16.408,0,0,,,,no_candidates
1776895815.688,73.966,-16.408,0,0,,,,no_candidates
1776895816.188,73.924,-16.411,1,0,,,,no_pnp_accept
1776895816.688,73.875,-16.413,1,0,,,,no_pnp_accept
1776895817.188,73.823,-16.415,1,0,,,,no_pnp_accept
1776895817.688,73.776,-16.422,1,0,,,,no_pnp_accept
1776895818.188,73.776,-16.422,1,0,,,,no_pnp_accept
1776895818.689,73.733,-16.423,1,0,,,,no_pnp_accept
1776895819.189,73.678,-16.426,1,0,,,,no_pnp_accept
1776895819.688,73.549,-16.442,1,0,,,,no_pnp_accept
1776895820.188,73.412,-16.454,1,0,,,,no_pnp_accept
1776895820.689,73.412,-16.454,1,0,,,,no_pnp_accept
1776895821.188,73.270,-16.469,1,0,,,,no_pnp_accept
1776895821.688,73.133,-16.481,1,0,,,,no_pnp_accept
1776895822.188,72.996,-16.495,1,0,,,,no_pnp_accept
1776895822.688,72.857,-16.508,1,0,,,,no_pnp_accept
1776895823.188,72.857,-16.508,1,0,,,,no_pnp_accept
1776895823.688,72.719,-16.522,1,0,,,,no_pnp_accept
1776895824.188,72.584,-16.537,1,0,,,,no_pnp_accept
1776895824.688,72.447,-16.552,1,0,,,,no_pnp_accept
1776895825.188,72.309,-16.570,1,0,,,,no_pnp_accept
1776895825.688,72.309,-16.570,1,0,,,,no_pnp_accept
1776895826.188,72.170,-16.588,1,0,,,,no_pnp_accept
1776895826.689,72.032,-16.610,1,0,,,,no_pnp_accept
1776895827.188,71.782,-16.651,1,0,,,,no_pnp_accept
1776895827.688,71.518,-16.693,1,0,,,,no_pnp_accept
1776895828.188,71.518,-16.693,1,0,,,,no_pnp_accept
1776895828.688,71.247,-16.728,0,0,,,,no_candidates
1776895829.188,70.980,-16.765,0,0,,,,no_candidates
1776895829.688,70.732,-16.793,0,0,,,,no_candidates
1776895830.188,70.488,-16.818,0,0,,,,no_candidates
1776895830.688,70.488,-16.818,0,0,,,,no_candidates
1776895831.188,70.240,-16.832,0,0,,,,no_candidates
1776895831.688,70.007,-16.840,0,0,,,,no_candidates
1776895832.189,69.885,-16.850,0,0,,,,no_candidates
1776895832.688,69.818,-16.867,0,0,,,,no_candidates
1776895833.188,69.818,-16.867,0,0,,,,no_candidates
1776895833.689,69.739,-16.889,0,0,,,,no_candidates
1776895834.188,69.659,-16.915,0,0,,,,no_candidates
1776895834.688,69.588,-16.947,0,0,,,,no_candidates
1776895835.188,69.519,-16.995,0,0,,,,no_candidates
1776895835.688,69.519,-16.995,0,0,,,,no_candidates
1776895836.188,69.452,-17.044,0,0,,,,no_candidates
1776895836.688,69.397,-17.096,0,0,,,,no_candidates
1776895837.188,69.295,-17.185,0,0,,,,no_candidates
1776895837.688,69.165,-17.278,0,0,,,,no_candidates
1776895838.188,69.165,-17.278,0,0,,,,no_candidates
1776895838.688,69.027,-17.360,0,0,,,,no_candidates
1776895839.189,68.886,-17.421,0,0,,,,no_candidates
1776895839.688,68.754,-17.464,0,0,,,,no_candidates
1776895840.188,68.618,-17.492,0,0,,,,no_candidates
1776895840.688,68.618,-17.492,0,0,,,,no_candidates
1776895841.188,68.491,-17.511,0,0,,,,no_candidates
1776895841.688,68.349,-17.517,0,0,,,,no_candidates
1776895842.188,68.153,-17.528,0,0,,,,no_candidates
1776895842.688,67.949,-17.536,1,29,1.27,68.12178037942694,-17.384050822817496,published_std0.05_shift0.2
1776895843.188,67.949,-17.536,1,24,0.83,68.13829396981069,-17.332329375875837,published_std0.07_shift0.3
1776895843.688,67.740,-17.536,1,29,0.87,68.11862734508918,-17.10907783452605,published_std0.05_shift0.6
1776895844.188,67.531,-17.531,1,26,0.75,68.11023229142833,-16.874376758245877,published_std0.05_shift0.9
1776895844.688,67.298,-17.528,1,20,1.01,68.08773641940982,-16.667833597120705,published_std0.12_shift1.2
1776895845.188,67.053,-17.525,1,21,0.98,68.10320837003083,-16.671146136862074,published_std0.11_shift1.4
1776895845.688,67.053,-17.525,1,17,1.11,69.13841425437145,-16.791204355056088,published_std0.17_shift2.2
1776895846.188,66.812,-17.527,1,19,0.98,68.06583025025898,-16.161731401434164,published_std0.14_shift1.9
1776895846.688,66.574,-17.535,1,16,1.09,68.02390245189821,-15.9134414344261,published_std0.18_shift2.2
1776895847.189,66.303,-17.543,1,14,1.05,68.06076371689936,-15.912614505443264,published_std0.20_shift2.4
1776895847.688,66.303,-17.543,1,13,1.20,67.50420202309583,-15.006778368390362,published_std0.20_shift2.8
1776895848.188,66.027,-17.548,1,11,0.91,69.41688374292637,-16.237408674675166,published_std0.20_shift3.6
1776895848.688,65.753,-17.549,1,11,0.95,72.58028525701346,-20.443826251736933,consistency_fail_7.4m
1776895849.188,65.476,-17.552,1,11,1.22,70.90888666043307,-15.89994415292243,consistency_fail_5.7m
1776895849.688,65.230,-17.559,1,10,0.99,73.04031523508502,-15.018381258209967,consistency_fail_8.2m
1776895850.188,65.230,-17.559,1,0,,,,no_pnp_accept
1776895850.688,64.995,-17.564,1,0,,,,no_pnp_accept
1776895851.188,64.752,-17.577,1,0,,,,no_pnp_accept
1776895851.688,64.515,-17.593,1,0,,,,no_pnp_accept
1776895852.188,64.252,-17.616,1,10,1.26,69.61032535019285,-17.21466915764309,consistency_fail_5.4m
1776895852.688,64.252,-17.616,1,0,,,,no_pnp_accept
1776895853.188,63.976,-17.637,1,10,1.32,69.10394438241845,-15.197101511956951,consistency_fail_5.7m
1776895853.688,63.704,-17.659,1,0,,,,no_pnp_accept
1776895854.189,63.432,-17.675,1,0,,,,no_pnp_accept
1776895854.688,63.219,-17.684,1,0,,,,no_pnp_accept
1776895855.188,63.219,-17.684,1,0,,,,no_pnp_accept
1776895855.688,63.020,-17.681,1,0,,,,no_pnp_accept
1776895856.188,62.826,-17.666,2,43,0.86,63.06120885567982,-17.522178846607197,published_std0.05_shift0.3
1776895856.688,62.632,-17.648,2,36,0.79,62.95934237722338,-17.414329597166898,published_std0.05_shift0.4
1776895857.188,62.452,-17.621,2,26,0.94,62.97574813327928,-17.284740169827597,published_std0.05_shift0.6
1776895857.688,62.452,-17.621,2,25,0.85,63.01005504659723,-17.30535912833794,published_std0.05_shift0.6
1776895858.188,62.283,-17.590,2,19,1.07,63.24394639806699,-17.108692103324454,published_std0.14_shift1.1
1776895858.688,62.105,-17.549,2,20,1.09,62.925132089782714,-16.834290826462087,published_std0.12_shift1.1
1776895859.188,61.929,-17.497,2,16,1.09,63.302119575058825,-16.668349448786206,published_std0.18_shift1.6
1776895859.688,61.761,-17.437,2,12,1.19,63.96961218615441,-15.733745091253777,published_std0.20_shift2.8
1776895860.188,61.761,-17.437,2,14,1.39,63.970423661653506,-16.295859546096466,published_std0.20_shift2.5
1776895860.688,61.593,-17.363,2,14,1.17,63.46768721332432,-16.61152214191962,published_std0.20_shift2.0
1776895861.188,61.428,-17.278,2,17,1.55,62.67478129451912,-16.149687397693423,published_std0.17_shift1.7
1776895861.688,61.270,-17.184,2,0,,,,no_pnp_accept
1776895862.188,61.077,-17.057,2,12,1.22,62.6273706621412,-15.627380764340083,published_std0.20_shift2.1
1776895862.688,61.077,-17.057,2,0,,,,no_pnp_accept
1776895863.188,60.882,-16.925,2,15,1.49,62.892251415917535,-15.720445997337894,published_std0.20_shift2.3
1776895863.688,60.693,-16.791,2,14,1.19,62.786113028971315,-15.293996612857542,published_std0.20_shift2.6
1776895864.189,60.505,-16.652,2,13,1.27,63.262167860595085,-15.490805946777442,published_std0.20_shift3.0
1776895864.688,60.332,-16.516,2,0,,,,no_pnp_accept
1776895865.188,60.332,-16.516,2,12,0.93,62.996043215672024,-15.04657409354545,published_std0.20_shift3.0
1776895865.688,60.168,-16.377,1,0,,,,no_pnp_accept
1776895866.188,60.004,-16.228,1,0,,,,no_pnp_accept
1776895866.689,59.842,-16.073,1,0,,,,no_pnp_accept
1776895867.188,59.701,-15.929,1,0,,,,no_pnp_accept
1776895867.690,59.701,-15.929,1,0,,,,no_pnp_accept
1776895868.192,59.564,-15.780,1,0,,,,no_pnp_accept
1776895868.689,59.436,-15.623,1,0,,,,no_pnp_accept
1776895869.188,59.319,-15.460,1,0,,,,no_pnp_accept
1776895869.688,59.224,-15.316,1,0,,,,no_pnp_accept
1776895870.188,59.224,-15.316,1,0,,,,no_pnp_accept
1776895870.688,59.148,-15.176,1,0,,,,no_pnp_accept
1776895871.188,59.089,-15.032,1,0,,,,no_pnp_accept
1776895871.688,59.042,-14.878,1,0,,,,no_pnp_accept
1776895872.189,59.006,-14.759,1,0,,,,no_pnp_accept
1776895872.688,59.006,-14.759,1,0,,,,no_pnp_accept
1776895873.189,58.991,-14.655,1,0,,,,no_pnp_accept
1776895873.688,58.983,-14.544,1,0,,,,no_pnp_accept
1776895874.188,58.982,-14.434,0,0,,,,no_candidates
1776895874.688,58.989,-14.327,0,0,,,,no_candidates
1776895875.188,58.989,-14.327,0,0,,,,no_candidates
1776895875.689,59.010,-14.216,1,21,1.46,59.07235624868463,-14.339674369538981,published_std0.11_shift0.1
1776895876.188,59.027,-14.122,1,16,1.20,59.218570075847765,-14.378614357997924,published_std0.18_shift0.3
1776895876.688,59.055,-14.025,1,14,1.11,59.4075739700969,-14.381876132804098,published_std0.20_shift0.5
1776895877.188,59.055,-14.025,1,15,1.17,59.35010667368276,-14.354555913425532,published_std0.20_shift0.4
1776895877.688,59.103,-13.918,1,14,1.96,59.48333825228063,-14.386946804386213,published_std0.20_shift0.6
1776895878.189,59.158,-13.813,1,11,1.83,59.57598331998003,-14.455005195019115,published_std0.20_shift0.8
1776895878.688,59.219,-13.712,1,12,1.55,59.69826233639121,-14.44556127034162,published_std0.20_shift0.9
1776895879.188,59.296,-13.617,1,11,1.30,59.71202016128022,-14.419253619594091,published_std0.20_shift0.9
1776895879.688,59.296,-13.617,1,0,,,,no_pnp_accept
1776895880.188,59.415,-13.502,1,0,,,,no_pnp_accept
1776895880.690,59.548,-13.396,1,0,,,,no_pnp_accept
1776895881.188,59.688,-13.298,1,0,,,,no_pnp_accept
1776895881.688,59.688,-13.298,1,0,,,,no_pnp_accept
1776895882.188,59.836,-13.210,1,0,,,,no_pnp_accept
1776895882.688,59.953,-13.139,1,0,,,,no_pnp_accept
1776895883.188,60.058,-13.057,1,0,,,,no_pnp_accept
1776895883.688,60.058,-13.057,1,0,,,,no_pnp_accept
1776895884.189,60.161,-12.977,1,0,,,,no_pnp_accept
1776895884.688,60.253,-12.883,1,0,,,,no_pnp_accept
1776895885.188,60.314,-12.816,1,0,,,,no_pnp_accept
1776895885.689,60.362,-12.761,1,0,,,,no_pnp_accept
1776895886.188,60.362,-12.761,1,0,,,,no_pnp_accept
1776895886.688,60.409,-12.702,1,0,,,,no_pnp_accept
1776895887.191,60.450,-12.642,1,0,,,,no_pnp_accept
1776895887.688,60.483,-12.573,1,0,,,,no_pnp_accept
1776895888.188,60.483,-12.573,1,0,,,,no_pnp_accept
1776895888.688,60.517,-12.504,1,0,,,,no_pnp_accept
1776895889.188,60.544,-12.437,1,0,,,,no_pnp_accept
1776895889.688,60.572,-12.363,1,0,,,,no_pnp_accept
1776895890.188,60.587,-12.295,1,0,,,,no_pnp_accept
1776895890.688,60.587,-12.295,1,0,,,,no_pnp_accept
1776895891.188,60.593,-12.233,1,0,,,,no_pnp_accept
1776895891.688,60.593,-12.173,1,0,,,,no_pnp_accept
1776895892.188,60.590,-12.102,2,0,,,,no_pnp_accept
1776895892.688,60.590,-12.102,2,0,,,,no_pnp_accept
1776895893.188,60.587,-12.038,2,0,,,,no_pnp_accept
1776895893.688,60.589,-11.978,2,0,,,,no_pnp_accept
1776895894.189,60.587,-11.918,2,0,,,,no_pnp_accept
1776895894.688,60.585,-11.860,2,0,,,,no_pnp_accept
1776895895.188,60.585,-11.860,2,0,,,,no_pnp_accept
1776895895.688,60.580,-11.795,2,0,,,,no_pnp_accept
1776895896.190,60.576,-11.738,2,0,,,,no_pnp_accept
1776895896.688,60.569,-11.677,2,0,,,,no_pnp_accept
1776895897.188,60.563,-11.619,2,0,,,,no_pnp_accept
1776895897.688,60.563,-11.619,2,0,,,,no_pnp_accept
1776895898.188,60.557,-11.560,2,0,,,,no_pnp_accept
1776895898.689,60.548,-11.498,2,0,,,,no_pnp_accept
1776895899.188,60.537,-11.448,2,0,,,,no_pnp_accept
1776895899.688,60.532,-11.391,2,0,,,,no_pnp_accept
1776895900.188,60.532,-11.391,2,0,,,,no_pnp_accept
1776895900.688,60.506,-11.261,2,0,,,,no_pnp_accept
1776895901.188,60.478,-11.121,2,0,,,,no_pnp_accept
1776895901.688,60.450,-10.985,2,0,,,,no_pnp_accept
1776895902.188,60.450,-10.985,2,0,,,,no_pnp_accept
1776895902.688,60.419,-10.847,2,0,,,,no_pnp_accept
1776895903.188,60.387,-10.707,2,0,,,,no_pnp_accept
1776895903.688,60.353,-10.571,2,0,,,,no_pnp_accept
1776895904.188,60.318,-10.432,2,0,,,,no_pnp_accept
1776895904.689,60.318,-10.432,2,0,,,,no_pnp_accept
1776895905.188,60.284,-10.294,2,0,,,,no_pnp_accept
1776895905.688,60.268,-10.233,2,0,,,,no_pnp_accept
1776895906.188,60.256,-10.183,2,0,,,,no_pnp_accept
1776895906.688,60.256,-10.183,2,0,,,,no_pnp_accept
1776895907.189,60.243,-10.131,1,0,,,,no_pnp_accept
1776895907.690,60.229,-10.081,1,0,,,,no_pnp_accept
1776895908.188,60.219,-10.033,1,0,,,,no_pnp_accept
1776895908.688,60.208,-9.985,1,0,,,,no_pnp_accept
1776895909.188,60.208,-9.985,1,0,,,,no_pnp_accept
1776895909.688,60.197,-9.934,1,0,,,,no_pnp_accept
1776895910.191,60.187,-9.885,1,0,,,,no_pnp_accept
1776895910.689,60.160,-9.757,1,0,,,,no_pnp_accept
1776895911.188,60.135,-9.620,1,0,,,,no_pnp_accept
1776895911.688,60.135,-9.620,1,0,,,,no_pnp_accept
1776895912.189,60.112,-9.480,1,0,,,,no_pnp_accept
1776895912.688,60.091,-9.338,1,0,,,,no_pnp_accept
1776895913.188,60.074,-9.199,1,0,,,,no_pnp_accept
1776895913.688,60.057,-9.058,1,0,,,,no_pnp_accept
1776895914.188,60.057,-9.058,1,0,,,,no_pnp_accept
1776895914.688,60.044,-8.915,1,0,,,,no_pnp_accept
1776895915.188,60.036,-8.774,2,25,1.08,60.09751815532815,-8.832212393597763,published_std0.05_shift0.1
1776895915.688,60.031,-8.572,2,14,1.05,60.15066446249317,-8.475716517373122,published_std0.20_shift0.2
1776895916.188,60.031,-8.572,2,16,1.26,60.09946811404827,-8.472812374751616,published_std0.18_shift0.1
1776895916.688,60.033,-8.358,2,14,1.32,60.322989032050245,-8.327991901459807,published_std0.20_shift0.3
1776895917.188,60.042,-8.145,2,15,1.05,60.59283309132846,-8.82364315227741,published_std0.20_shift0.9
1776895917.688,60.063,-7.938,2,14,1.10,60.93358425281231,-9.031934729720586,published_std0.20_shift1.4
1776895918.188,60.064,-7.843,2,11,1.22,59.955288936139276,-9.478260996706599,published_std0.20_shift1.6
1776895918.690,60.064,-7.843,2,11,0.99,56.027317295807,-7.355335829311308,published_std0.20_shift4.1
1776895919.188,60.084,-7.807,2,11,0.70,58.66588649446155,-7.497905883466954,published_std0.20_shift1.5
1776895919.688,60.113,-7.757,2,0,,,,no_pnp_accept
1776895920.190,60.128,-7.714,2,11,1.18,75.15844475430147,1.7361194056543257,consistency_fail_17.8m
1776895920.688,60.149,-7.672,2,10,1.56,82.98716327153403,-29.529614602106697,consistency_fail_31.6m
1776895921.188,60.149,-7.672,2,10,1.49,68.76268292864668,-17.152398311340768,consistency_fail_12.8m
1776895921.688,60.166,-7.632,2,0,,,,no_pnp_accept
1776895922.188,60.187,-7.595,2,0,,,,no_pnp_accept
1776895922.688,60.211,-7.561,2,0,,,,no_pnp_accept
1776895923.188,60.244,-7.531,2,0,,,,no_pnp_accept
1776895923.688,60.244,-7.531,2,0,,,,no_pnp_accept
1776895924.188,60.289,-7.498,2,0,,,,no_pnp_accept
1776895924.688,60.331,-7.464,2,0,,,,no_pnp_accept
1776895925.188,60.371,-7.432,2,0,,,,no_pnp_accept
1776895925.689,60.371,-7.432,2,0,,,,no_pnp_accept
1776895926.188,60.442,-7.370,2,0,,,,no_pnp_accept
1776895926.688,60.510,-7.296,2,0,,,,no_pnp_accept
1776895927.188,60.570,-7.228,2,0,,,,no_pnp_accept
1776895927.689,60.627,-7.157,2,0,,,,no_pnp_accept
1776895928.188,60.627,-7.157,2,0,,,,no_pnp_accept
1776895928.688,60.740,-6.996,2,0,,,,no_pnp_accept
1776895929.188,60.868,-6.800,2,0,,,,no_pnp_accept
1776895929.688,60.987,-6.601,2,0,,,,no_pnp_accept
1776895930.188,61.100,-6.403,1,0,,,,no_pnp_accept
1776895930.688,61.100,-6.403,1,0,,,,no_pnp_accept
1776895931.188,61.216,-6.188,1,0,,,,no_pnp_accept
1776895931.688,61.327,-5.972,1,0,,,,no_pnp_accept
1776895932.188,61.431,-5.759,1,0,,,,no_pnp_accept
1776895932.688,61.431,-5.759,1,0,,,,no_pnp_accept
1776895933.188,61.537,-5.543,1,0,,,,no_pnp_accept
1776895933.688,61.587,-5.426,1,0,,,,no_pnp_accept
1776895934.189,61.629,-5.358,1,0,,,,no_pnp_accept
1776895934.688,61.679,-5.290,1,0,,,,no_pnp_accept
1776895935.188,61.679,-5.290,1,0,,,,no_pnp_accept
1776895935.688,61.736,-5.230,1,0,,,,no_pnp_accept
1776895936.188,61.793,-5.179,1,0,,,,no_pnp_accept
1776895936.688,61.856,-5.134,1,0,,,,no_pnp_accept
1776895937.188,61.918,-5.093,1,0,,,,no_pnp_accept
1776895937.690,61.918,-5.093,1,0,,,,no_pnp_accept
1776895938.188,61.988,-5.066,1,0,,,,no_pnp_accept
1776895938.688,62.124,-5.010,1,0,,,,no_pnp_accept
1776895939.188,62.283,-4.958,1,0,,,,no_pnp_accept
1776895939.688,62.444,-4.916,1,0,,,,no_pnp_accept
1776895940.188,62.444,-4.916,1,0,,,,no_pnp_accept
1776895940.688,62.607,-4.883,1,0,,,,no_pnp_accept
1776895941.188,62.801,-4.858,1,0,,,,no_pnp_accept
1776895941.688,62.995,-4.836,0,0,,,,no_candidates
1776895942.188,62.995,-4.836,0,0,,,,no_candidates
1776895942.688,63.192,-4.825,0,0,,,,no_candidates
1776895943.190,63.388,-4.824,0,0,,,,no_candidates
1776895943.688,63.645,-4.828,0,0,,,,no_candidates
1776895944.188,63.919,-4.827,0,0,,,,no_candidates
1776895944.688,63.919,-4.827,0,0,,,,no_candidates
1776895945.188,64.196,-4.828,0,0,,,,no_candidates
1776895945.690,64.467,-4.829,0,0,,,,no_candidates
1776895946.188,64.741,-4.828,0,0,,,,no_candidates
1776895946.688,64.741,-4.828,0,0,,,,no_candidates
1776895947.188,65.019,-4.830,0,0,,,,no_candidates
1776895947.688,65.290,-4.833,0,0,,,,no_candidates
1776895948.188,65.571,-4.836,0,0,,,,no_candidates
1776895948.688,65.842,-4.837,1,37,0.49,65.57180510202552,-4.831953667205565,published_std0.05_shift0.3
1776895949.188,65.842,-4.837,1,29,1.10,65.57364551872051,-4.903173994554052,published_std0.05_shift0.3
1776895949.689,66.107,-4.840,1,24,0.91,65.57896353572605,-5.007195585414379,published_std0.07_shift0.6
1776895950.188,66.378,-4.847,1,23,1.06,65.5798628125192,-4.853867746080438,published_std0.08_shift0.8
1776895950.688,66.649,-4.849,1,18,0.93,65.57635706180781,-5.316749070794062,published_std0.16_shift1.2
1776895951.188,66.649,-4.849,1,19,1.18,65.57043289791245,-5.39084175844244,published_std0.14_shift1.2
1776895951.688,66.763,-4.846,1,21,1.15,65.56439265320346,-6.217538398873251,published_std0.11_shift1.8
1776895952.188,66.821,-4.835,2,16,0.90,65.5764990637656,-5.671107210741051,published_std0.18_shift1.5
1776895952.688,66.878,-4.824,2,13,1.32,65.56612617925501,-6.319797577851211,published_std0.20_shift2.0
1776895953.191,66.929,-4.810,1,14,1.29,65.57581435372815,-5.801964348636293,published_std0.20_shift1.7
1776895953.688,66.929,-4.810,1,14,1.09,65.57916661579156,-5.171017026904578,published_std0.20_shift1.4
1776895954.188,66.982,-4.788,1,14,1.10,64.94370086772982,-6.712879604480167,published_std0.20_shift2.8
1776895954.689,67.037,-4.760,1,13,1.33,64.959832879876,-6.811961513044556,published_std0.20_shift2.9
1776895955.188,67.090,-4.729,1,15,1.58,65.5615831531856,-4.699411361865459,published_std0.20_shift1.5
1776895955.688,67.090,-4.729,1,15,1.40,65.79953617939265,-6.403248293671315,published_std0.20_shift2.1
1776895956.188,67.139,-4.694,1,16,1.68,65.5647794682676,-6.852956103731852,published_std0.18_shift2.7
1776895956.688,67.180,-4.659,1,14,1.52,64.98477497766595,-7.086970083899677,published_std0.20_shift3.3
1776895957.190,67.220,-4.619,1,16,1.16,64.91494035979703,-6.786141802608631,published_std0.18_shift3.2
1776895957.688,67.256,-4.572,1,13,1.26,65.5566615637359,-5.865187356866707,published_std0.20_shift2.1
1776895958.188,67.256,-4.572,1,17,1.33,65.52222005445375,-5.914130311730696,published_std0.17_shift2.2
1776895958.688,67.290,-4.519,1,18,1.28,64.9467875162341,-7.374147365307721,published_std0.16_shift3.7
1776895959.188,67.321,-4.463,1,19,1.14,64.75949602602458,-5.8115568296467215,published_std0.14_shift2.9
1776895959.688,67.353,-4.401,1,18,1.14,65.23659741777054,-7.153077651427752,published_std0.16_shift3.5
1776895960.189,67.378,-4.337,1,21,1.06,65.53877525978858,-6.013713279202579,published_std0.11_shift2.5
1776895960.688,67.378,-4.337,1,15,1.24,65.51585479953823,-6.083660655146206,published_std0.20_shift2.6
1776895961.190,67.402,-4.271,1,0,,,,no_pnp_accept
1776895961.688,67.414,-4.208,1,0,,,,no_pnp_accept
1776895962.188,67.421,-4.153,1,0,,,,no_pnp_accept
1776895962.688,67.422,-4.092,1,0,,,,no_pnp_accept
1776895963.188,67.422,-4.092,1,0,,,,no_pnp_accept
1776895963.688,67.427,-4.027,0,0,,,,no_candidates
1776895964.188,67.421,-3.896,0,0,,,,no_candidates
1776895964.688,67.415,-3.760,0,0,,,,no_candidates
1776895965.190,67.415,-3.760,0,0,,,,no_candidates
1776895965.688,67.407,-3.620,0,0,,,,no_candidates
1776895966.188,67.401,-3.482,0,0,,,,no_candidates
1776895966.688,67.399,-3.417,0,0,,,,no_candidates
1776895967.188,67.395,-3.365,0,0,,,,no_candidates
1776895967.688,67.395,-3.365,0,0,,,,no_candidates
1776895968.188,67.393,-3.311,0,0,,,,no_candidates
1776895968.688,67.388,-3.263,0,0,,,,no_candidates
1776895969.188,67.384,-3.210,0,0,,,,no_candidates
1776895969.688,67.376,-3.155,0,0,,,,no_candidates
1776895970.188,67.376,-3.155,0,0,,,,no_candidates
1776895970.688,67.368,-3.107,0,0,,,,no_candidates
1776895971.188,67.359,-3.054,0,0,,,,no_candidates
1776895971.688,67.350,-2.997,0,0,,,,no_candidates
1776895972.188,67.338,-2.947,0,0,,,,no_candidates
1776895972.688,67.338,-2.947,0,0,,,,no_candidates
1776895973.188,67.327,-2.895,0,0,,,,no_candidates
1776895973.690,67.312,-2.847,0,0,,,,no_candidates
1776895974.188,67.292,-2.789,0,0,,,,no_candidates
1776895974.688,67.292,-2.789,0,0,,,,no_candidates
1776895975.188,67.268,-2.731,0,0,,,,no_candidates
1776895975.688,67.251,-2.665,0,0,,,,no_candidates
1776895976.190,67.242,-2.594,1,0,,,,no_pnp_accept
1776895976.688,67.242,-2.520,1,0,,,,no_pnp_accept
1776895977.188,67.242,-2.520,1,0,,,,no_pnp_accept
1776895977.688,67.257,-2.442,1,0,,,,no_pnp_accept
1776895978.188,67.266,-2.372,1,0,,,,no_pnp_accept
1776895978.688,67.286,-2.301,1,0,,,,no_pnp_accept
1776895979.188,67.286,-2.301,1,0,,,,no_pnp_accept
1776895979.688,67.303,-2.234,1,16,1.34,64.9293408663398,-7.8209979062190556,consistency_fail_6.1m
1776895980.188,67.325,-2.171,1,17,1.16,64.94911882725904,-7.886485459393922,consistency_fail_6.2m
1776895980.688,67.360,-2.102,1,19,1.55,64.96252235913934,-7.695214941747375,consistency_fail_6.1m
1776895981.188,67.395,-2.050,1,16,1.04,64.86040071620138,-6.357681670269493,published_std0.18_shift5.0
1776895981.691,67.395,-2.050,1,19,1.34,65.60237378560574,-6.709995460596274,published_std0.14_shift5.0
1776895982.188,67.433,-1.991,1,21,1.53,65.60244879566484,-6.89598769012365,consistency_fail_5.2m
1776895982.688,67.478,-1.930,1,17,1.34,65.67037004445727,-7.255041003229648,consistency_fail_5.6m
1776895983.188,67.550,-1.874,1,16,1.49,65.1881214890142,-9.36531819697701,consistency_fail_7.9m
1776895983.688,67.550,-1.874,1,17,1.20,66.11190358103154,-8.290337205015316,consistency_fail_6.6m
1776895984.188,67.610,-1.825,1,14,1.67,65.60450433312313,-10.012343284479662,consistency_fail_8.4m
1776895984.688,67.647,-1.788,1,15,1.10,64.95029929691157,-8.082712232321592,consistency_fail_6.8m
1776895985.188,67.668,-1.754,1,19,1.19,64.8657749074773,-8.064660565711458,consistency_fail_6.9m
1776895985.688,67.689,-1.716,1,20,1.33,64.87772868529564,-7.936564371783666,consistency_fail_6.8m
1776895986.188,67.689,-1.716,1,13,1.04,65.57599200523507,-7.260116785606732,consistency_fail_5.9m
1776895986.688,67.717,-1.674,1,18,1.51,65.48482288630265,-6.2990955273045355,consistency_fail_5.1m
1776895987.188,67.746,-1.614,1,20,1.73,65.0233182916485,-8.02005680518851,consistency_fail_7.0m
1776895987.688,67.779,-1.553,1,11,1.28,68.22141665083191,-8.436746689633155,consistency_fail_6.9m
1776895988.188,67.779,-1.553,1,13,1.53,66.5647508854745,-8.336313874229479,consistency_fail_6.9m
1776895988.688,67.805,-1.488,1,0,,,,no_pnp_accept
1776895989.188,67.833,-1.420,1,0,,,,no_pnp_accept
1776895989.688,67.858,-1.353,1,0,,,,no_pnp_accept
1776895990.188,67.873,-1.286,1,0,,,,no_pnp_accept
1776895990.688,67.873,-1.286,1,0,,,,no_pnp_accept
1776895991.189,67.888,-1.213,1,0,,,,no_pnp_accept
1776895991.688,67.897,-1.142,0,0,,,,no_candidates
1776895992.189,67.893,-1.078,0,0,,,,no_candidates
1776895992.688,67.886,-1.012,0,0,,,,no_candidates
1776895993.188,67.886,-1.012,0,0,,,,no_candidates
1776895993.688,67.883,-0.950,0,0,,,,no_candidates
1776895994.189,67.880,-0.886,0,0,,,,no_candidates
1776895994.688,67.870,-0.806,0,0,,,,no_candidates
1776895995.188,67.870,-0.806,0,0,,,,no_candidates
1776895995.690,67.865,-0.709,1,0,,,,no_pnp_accept
1776895996.188,67.873,-0.621,1,0,,,,no_pnp_accept
1776895996.689,67.885,-0.538,1,0,,,,no_pnp_accept
1776895997.188,67.905,-0.453,1,0,,,,no_pnp_accept
1776895997.688,67.905,-0.453,1,0,,,,no_pnp_accept
1776895998.188,67.930,-0.360,1,0,,,,no_pnp_accept
1776895998.688,67.965,-0.279,2,89,1.27,68.02234404769317,-0.4018674977364538,published_std0.05_shift0.1
1776895999.188,68.005,-0.212,2,63,1.19,68.15863658429905,-0.40881523700117606,published_std0.05_shift0.2
1776895999.688,68.053,-0.149,2,66,1.02,68.12432027302447,-0.42687506486864835,published_std0.05_shift0.3
1776896000.188,68.053,-0.149,2,69,1.22,68.13795383221036,-0.41324802647845726,published_std0.05_shift0.3
1776896000.688,68.105,-0.082,2,51,1.18,68.24678460144995,-0.4506377125697071,published_std0.05_shift0.4
1776896001.188,68.159,-0.014,2,51,1.12,68.31519839978647,-0.5749508258073344,published_std0.05_shift0.6
1776896001.690,68.224,0.049,2,39,1.19,68.36773670102959,-0.5550578558767929,published_std0.05_shift0.6
1776896002.188,68.224,0.049,2,43,1.23,68.39625046015381,-0.5256871262532947,published_std0.05_shift0.6
1776896002.689,68.262,0.098,2,39,1.17,68.42704745642703,-0.5194588228480062,published_std0.05_shift0.6
1776896003.191,68.296,0.141,2,49,1.17,68.47635696259964,-0.6480871732197102,published_std0.05_shift0.8
1776896003.689,68.330,0.192,2,48,1.19,68.6015008341417,-0.6778676742852292,published_std0.05_shift0.9
1776896004.188,68.359,0.247,2,51,1.20,68.5695692656095,-0.7034333835991837,published_std0.05_shift1.0
1776896004.689,68.359,0.247,2,56,1.14,68.68104071372439,-0.6073784046477908,published_std0.05_shift0.9
1776896005.188,68.389,0.310,2,61,1.48,68.81332028013684,-0.5443738059531866,published_std0.05_shift1.0
1776896005.688,68.427,0.368,2,53,1.31,68.62677310372695,-1.0949817906503188,published_std0.05_shift1.5
1776896006.188,68.459,0.429,2,44,1.20,68.92128450576747,-0.5977515527067566,published_std0.05_shift1.1
1776896006.691,68.459,0.429,2,41,1.29,68.93262082379208,-0.5807232547930777,published_std0.05_shift1.1
1776896007.188,68.487,0.488,2,38,1.30,68.86477210858938,-0.703284218090817,published_std0.05_shift1.2
1776896007.688,68.512,0.550,2,28,1.26,68.9393111190869,-0.5678028772743385,published_std0.05_shift1.2
1776896008.188,68.528,0.610,2,30,1.37,68.97664697395717,-0.5912599356294413,published_std0.05_shift1.3
1776896008.688,68.540,0.675,2,38,1.32,69.05624500621681,-0.44010120205837855,published_std0.05_shift1.2
1776896009.188,68.540,0.675,2,35,1.54,69.00661709005173,-0.7730735874518104,published_std0.05_shift1.5
1776896009.688,68.547,0.742,1,24,1.10,69.00962511262867,-0.7654445649703676,published_std0.07_shift1.6
1776896010.190,68.542,0.790,2,35,1.34,69.08761646385948,-0.7915346895728845,published_std0.05_shift1.7
1776896010.688,68.536,0.840,2,39,1.42,69.19552637604211,-0.829575166386779,published_std0.05_shift1.8
1776896011.188,68.540,0.884,2,29,1.44,69.25219881681778,-0.7072462145527159,published_std0.05_shift1.7
1776896011.688,68.540,0.884,2,38,1.28,69.32834884648587,-0.5045154851489191,published_std0.05_shift1.6
1776896012.188,68.542,0.923,2,41,1.42,69.34420633011061,-0.6403516233240751,published_std0.05_shift1.8
1776896012.689,68.552,0.959,2,37,1.41,69.2744142095413,-1.0485824743830987,published_std0.05_shift2.1
1776896013.188,68.564,1.003,2,33,1.16,69.20519044371042,-1.1207770346858856,published_std0.05_shift2.2
1776896013.688,68.564,1.003,2,45,1.39,69.31498718303024,-1.0934655470893446,published_std0.05_shift2.2
1776896014.188,68.583,1.052,2,54,1.37,69.41931191803388,-0.9178828191318266,published_std0.05_shift2.1
1776896014.688,68.601,1.089,2,55,1.37,69.45700025534329,-0.9497166028619713,published_std0.05_shift2.2
1776896015.189,68.627,1.127,2,51,1.25,69.57613593249134,-0.8593129026724475,published_std0.05_shift2.2
1776896015.688,68.655,1.171,2,54,1.24,69.56658612802839,-0.8167023738187096,published_std0.05_shift2.2
1776896016.190,68.655,1.171,2,59,1.40,69.561065014165,-0.9207860849954028,published_std0.05_shift2.3
1776896016.688,68.680,1.208,2,46,1.22,69.55279447160703,-1.1173493852472172,published_std0.05_shift2.5
1776896017.188,68.707,1.245,2,52,1.32,69.67947393685614,-0.8589302762952742,published_std0.05_shift2.3
1776896017.688,68.782,1.350,2,50,1.16,69.76029776095687,-1.0822648106234178,published_std0.05_shift2.6
1776896018.191,68.782,1.350,2,45,1.06,69.68233772597476,-1.1657170579741727,published_std0.05_shift2.7
1776896018.688,68.863,1.462,2,44,1.28,69.98471983900077,-1.0856572595478933,published_std0.05_shift2.8
1776896019.189,68.945,1.575,2,44,1.35,70.02579693568333,-1.1592638594495435,published_std0.05_shift2.9
1776896019.688,69.028,1.688,2,45,1.30,70.07742503279135,-1.118692322716241,published_std0.05_shift3.0
1776896020.188,69.145,1.858,2,37,1.21,70.04193280811346,-1.070631679774901,published_std0.05_shift3.1
1776896020.689,69.145,1.858,2,46,1.43,70.37000056474417,-1.4436587196502582,published_std0.05_shift3.5
1776896021.188,69.266,2.044,2,48,1.34,70.54782134448534,-1.2787680743979952,published_std0.05_shift3.6
1776896021.688,69.376,2.235,1,40,1.45,70.81344591794202,-1.4130854074994539,published_std0.05_shift3.9
1776896022.190,69.480,2.426,1,43,1.40,70.944209251104,-1.5659228358406656,published_std0.05_shift4.3
1776896022.688,69.522,2.507,1,42,1.22,70.91825524046546,-1.5343314603120095,published_std0.05_shift4.3
1776896023.188,69.522,2.507,1,23,1.23,71.0910744082483,-1.3817882337688299,published_std0.08_shift4.2
1776896023.688,69.548,2.564,1,14,1.44,71.38485495656799,-1.6694678405419947,published_std0.20_shift4.6
1776896024.188,69.565,2.618,1,11,1.26,71.09909983502189,-1.5378802783640042,published_std0.20_shift4.4
1776896024.688,69.576,2.673,1,0,,,,no_pnp_accept
1776896025.190,69.576,2.673,1,16,1.24,71.03583216907423,-1.914698668716828,published_std0.18_shift4.8
1776896025.688,69.586,2.732,1,0,,,,no_pnp_accept
1776896026.188,69.596,2.791,1,0,,,,no_pnp_accept
1776896026.688,69.601,2.853,1,0,,,,no_pnp_accept
1776896027.188,69.603,2.913,1,0,,,,no_pnp_accept
1776896027.689,69.603,2.913,1,0,,,,no_pnp_accept
1776896028.188,69.581,3.041,1,10,1.26,70.7434603222695,-1.6166151597587584,published_std0.20_shift4.8
1776896028.688,69.555,3.187,1,0,,,,no_pnp_accept
1776896029.188,69.514,3.330,1,0,,,,no_pnp_accept
1776896029.688,69.514,3.330,1,0,,,,no_pnp_accept
1776896030.188,69.462,3.458,1,0,,,,no_pnp_accept
1776896030.689,69.438,3.520,1,0,,,,no_pnp_accept
1776896031.189,69.414,3.574,1,0,,,,no_pnp_accept
1776896031.688,69.392,3.624,1,0,,,,no_pnp_accept
1776896032.188,69.392,3.624,1,0,,,,no_pnp_accept
1776896032.690,69.370,3.674,1,0,,,,no_pnp_accept
1776896033.189,69.278,3.881,1,0,,,,no_pnp_accept
1776896033.688,69.170,4.124,1,0,,,,no_pnp_accept
1776896034.188,69.170,4.124,1,0,,,,no_pnp_accept
1776896034.688,69.067,4.369,1,0,,,,no_pnp_accept
1776896035.188,68.962,4.619,1,0,,,,no_pnp_accept
1776896035.688,68.857,4.860,2,65,1.28,69.11829716495801,4.769502974094748,published_std0.05_shift0.3
1776896036.189,68.749,5.103,2,57,1.35,69.10283810339874,4.772629963469746,published_std0.05_shift0.5
1776896036.689,68.749,5.103,2,38,1.35,69.11960662176979,4.81548311013306,published_std0.05_shift0.5
1776896037.188,68.645,5.349,2,22,1.49,69.4445515609416,5.167806918039062,published_std0.10_shift0.8
1776896037.688,68.543,5.587,2,22,1.32,68.85322069154684,4.883632769136992,published_std0.10_shift0.8
1776896038.188,68.501,5.684,2,12,1.33,69.31656788516325,4.792820872742739,published_std0.20_shift1.2
1776896038.688,68.501,5.684,2,25,1.19,69.1507397324672,4.716597951026418,published_std0.05_shift1.2
1776896039.190,68.480,5.732,2,29,1.30,69.1627343696127,4.795491631597231,published_std0.05_shift1.2
1776896039.688,68.458,5.771,2,24,1.30,69.12341982351481,4.7585460810566005,published_std0.07_shift1.2
1776896040.188,68.444,5.831,2,18,1.15,69.02405573098876,4.657490849628858,published_std0.16_shift1.3
1776896040.688,68.412,6.018,2,22,1.27,69.05561245325455,4.665367738690948,published_std0.10_shift1.5
1776896041.188,68.412,6.018,2,21,1.32,69.05629140058377,4.675065757611638,published_std0.11_shift1.5
1776896041.691,68.385,6.225,2,17,1.26,69.16512719313589,4.747859612526082,published_std0.17_shift1.7
1776896042.188,68.360,6.439,2,12,0.91,69.13260927152693,4.688399759265981,published_std0.20_shift1.9
1776896042.688,68.344,6.656,2,24,1.29,69.05846224969054,4.663652009752164,published_std0.07_shift2.1
1776896043.189,68.344,6.656,2,17,1.11,69.15654064621245,4.79164429969908,published_std0.17_shift2.0
1776896043.688,68.336,6.807,2,13,1.14,69.1940362182944,4.8724367151010135,published_std0.20_shift2.1
1776896044.188,68.328,6.950,2,22,1.27,69.10286337226067,4.712628926930712,published_std0.10_shift2.4
1776896044.688,68.320,7.094,2,18,1.47,69.25571674859638,4.92150191235727,published_std0.16_shift2.4
1776896045.188,68.312,7.235,2,18,1.19,69.13221340104626,4.709181129169393,published_std0.16_shift2.7
1776896045.688,68.312,7.235,2,17,0.89,69.16861564321866,4.759695351227927,published_std0.17_shift2.6
1776896046.188,68.296,7.433,2,16,1.55,69.33407668426305,4.943487246664584,published_std0.18_shift2.7
1776896046.688,68.271,7.643,1,0,,,,no_pnp_accept
1776896047.188,68.241,7.848,1,0,,,,no_pnp_accept
1776896047.690,68.241,7.848,1,0,,,,no_pnp_accept
1776896048.189,68.204,8.052,1,13,1.40,69.24859151017955,4.7738547299564855,published_std0.20_shift3.4
1776896048.688,68.153,8.272,1,17,1.30,69.28914406718107,4.850031759362807,published_std0.17_shift3.6
1776896049.188,68.099,8.498,1,11,1.14,69.00133799281977,4.699599190376778,published_std0.20_shift3.9
1776896049.688,68.099,8.498,1,21,1.35,69.27167816381575,4.8636702322166485,published_std0.11_shift3.8
1776896050.188,68.042,8.727,1,21,1.61,69.31538853532454,4.9227815076904005,published_std0.11_shift4.0
1776896050.688,67.984,8.954,1,13,1.10,69.14181318801633,4.722346591292386,published_std0.20_shift4.4
1776896051.188,67.916,9.179,1,16,1.46,69.35626572798583,4.989543541563792,published_std0.18_shift4.4
1776896051.688,67.849,9.405,1,18,1.20,69.36047543426002,4.983093212474743,published_std0.16_shift4.7
1776896052.188,67.849,9.405,1,21,1.42,69.26940436619606,4.794758001351043,published_std0.11_shift4.8
1776896052.688,67.772,9.632,1,17,1.50,69.27840899036276,4.949069585601439,published_std0.17_shift4.9
1776896053.188,67.699,9.854,1,15,1.35,69.18432807866202,4.800237500395652,consistency_fail_5.3m
1776896053.688,67.612,10.075,1,0,,,,no_pnp_accept
1776896054.188,67.612,10.075,1,0,,,,no_pnp_accept
1776896054.690,67.524,10.295,1,0,,,,no_pnp_accept
1776896055.188,67.435,10.510,1,0,,,,no_pnp_accept
1776896055.688,67.334,10.724,1,16,1.35,69.11166794407406,4.768604628199842,consistency_fail_6.2m
1776896056.191,67.249,10.897,1,14,1.28,69.2935227690712,4.929396511450686,consistency_fail_6.3m
1776896056.688,67.249,10.897,1,10,0.96,69.5537084503592,5.076048266002977,consistency_fail_6.3m
1776896057.190,67.154,11.049,1,0,,,,no_pnp_accept
1776896057.689,67.049,11.198,1,0,,,,no_pnp_accept
1776896058.188,66.938,11.336,2,84,1.13,67.03419657549202,11.196977020245086,published_std0.05_shift0.2
1776896058.688,66.938,11.336,2,75,1.12,67.06304782618554,11.23545386271183,published_std0.05_shift0.2
1776896059.188,66.893,11.390,2,74,1.21,67.07509489391217,11.252014108864213,published_std0.05_shift0.2
1776896059.689,66.857,11.430,2,66,1.06,67.14131526806361,11.364395676168845,published_std0.05_shift0.3
1776896060.188,66.822,11.472,2,63,1.12,67.1384674124146,11.356730177396633,published_std0.05_shift0.3
1776896060.688,66.788,11.510,2,67,1.16,67.21487373936954,11.469119794598717,published_std0.05_shift0.4
1776896061.188,66.788,11.510,2,59,1.26,67.15247846234433,11.383220852248112,published_std0.05_shift0.4
1776896061.688,66.742,11.550,2,45,1.28,67.1076401077461,11.351957827338836,published_std0.05_shift0.4
1776896062.188,66.696,11.587,2,30,1.07,67.28974059265835,11.807928406719654,published_std0.05_shift0.6
1776896062.691,66.660,11.619,2,23,0.99,67.03397070608413,11.359093796551754,published_std0.08_shift0.5
1776896063.188,66.608,11.650,2,22,1.26,67.07997482136147,11.306279907386292,published_std0.10_shift0.6
1776896063.688,66.608,11.650,2,17,1.34,67.15116725664043,11.502636160284624,published_std0.17_shift0.6
1776896064.188,66.553,11.678,2,14,1.22,67.11009296636455,11.370799840603977,published_std0.20_shift0.6
1776896064.688,66.501,11.703,2,0,,,,no_pnp_accept
1776896065.188,66.434,11.716,2,0,,,,no_pnp_accept
1776896065.688,66.434,11.716,2,0,,,,no_pnp_accept
1776896066.189,66.373,11.730,2,0,,,,no_pnp_accept
1776896066.690,66.327,11.740,2,0,,,,no_pnp_accept
1776896067.188,66.291,11.763,2,0,,,,no_pnp_accept
1776896067.688,66.271,11.786,2,0,,,,no_pnp_accept
1776896068.188,66.271,11.786,2,10,1.97,67.51738968828472,12.569276670210293,published_std0.20_shift1.5
1776896068.688,66.251,11.812,2,19,1.02,66.7509668196985,11.848418740749462,published_std0.14_shift0.5
1776896069.191,66.230,11.840,2,16,1.40,67.20304492652932,11.442324465224411,published_std0.18_shift1.1
1776896069.689,66.206,11.873,2,0,,,,no_pnp_accept
1776896070.188,66.180,11.904,2,23,1.05,67.64531071669948,11.539635495900365,published_std0.08_shift1.5
1776896070.688,66.180,11.904,2,33,1.44,67.2482316509913,11.748759220479311,published_std0.05_shift1.1
1776896071.188,66.151,11.940,2,33,1.36,67.35243670423077,11.79140871824545,published_std0.05_shift1.2
1776896071.688,66.117,11.977,2,30,1.30,67.20478545634596,11.600753296121015,published_std0.05_shift1.2
1776896072.190,66.086,12.012,2,28,1.44,67.2128201484575,11.534443811529306,published_std0.05_shift1.2
1776896072.688,66.086,12.012,2,28,1.46,67.2740504478084,11.597098474471835,published_std0.05_shift1.3
1776896073.190,66.054,12.045,2,18,1.34,67.3769270234492,11.938533165654404,published_std0.16_shift1.3
1776896073.688,66.021,12.084,1,17,1.11,67.49581796485363,12.092263401357677,published_std0.17_shift1.5
1776896074.188,65.983,12.140,1,26,1.37,67.32203996088639,11.797588713286016,published_std0.05_shift1.4
1776896074.688,65.939,12.191,1,27,1.12,67.34580600694512,11.832918929510008,published_std0.05_shift1.5
1776896075.188,65.939,12.191,1,26,1.46,67.32403965645578,11.8223504924201,published_std0.05_shift1.4
1776896075.688,65.895,12.239,1,19,1.32,67.15733448927543,11.804172412954419,published_std0.14_shift1.3
1776896076.188,65.850,12.279,1,18,1.27,67.38242214127655,11.954559320404396,published_std0.16_shift1.6
1776896076.688,65.795,12.316,1,20,1.10,67.9425924401839,12.617011446291556,published_std0.12_shift2.2
1776896077.188,65.795,12.316,1,10,1.48,67.56074311625532,12.19245454426579,published_std0.20_shift1.8
1776896077.688,65.735,12.356,1,21,1.24,67.35565291136304,12.238238247713705,published_std0.11_shift1.6
1776896078.188,65.670,12.386,1,20,1.10,67.92204194273711,12.770929077540746,published_std0.12_shift2.3
1776896078.689,65.601,12.406,1,15,1.17,67.96995710173772,11.948541822221024,published_std0.20_shift2.4
1776896079.188,65.537,12.423,1,10,0.99,67.70599072891548,12.74142697047658,published_std0.20_shift2.2
1776896079.688,65.537,12.423,1,0,,,,no_pnp_accept
1776896080.188,65.479,12.439,1,12,0.98,67.57387070852519,11.881630672757062,published_std0.20_shift2.2
1776896080.689,65.425,12.460,1,0,,,,no_pnp_accept
1776896081.188,65.375,12.486,1,0,,,,no_pnp_accept
1776896081.688,65.329,12.515,1,0,,,,no_pnp_accept
1776896082.188,65.329,12.515,1,0,,,,no_pnp_accept
1776896082.688,65.280,12.551,1,0,,,,no_pnp_accept
1776896083.188,65.236,12.594,1,0,,,,no_pnp_accept
1776896083.689,65.197,12.636,1,0,,,,no_pnp_accept
1776896084.188,65.197,12.636,1,0,,,,no_pnp_accept
1776896084.688,65.168,12.679,1,0,,,,no_pnp_accept
1776896085.188,65.140,12.720,1,0,,,,no_pnp_accept
1776896085.688,65.111,12.764,1,0,,,,no_pnp_accept
1776896086.188,65.081,12.808,1,0,,,,no_pnp_accept
1776896086.688,65.081,12.808,1,0,,,,no_pnp_accept
1776896087.188,65.049,12.856,1,0,,,,no_pnp_accept
1776896087.689,65.017,12.902,1,0,,,,no_pnp_accept
1776896088.188,64.988,12.948,1,10,1.06,67.13697607857623,11.359533768303091,published_std0.20_shift2.7
1776896088.688,64.957,12.996,1,0,,,,no_pnp_accept
1776896089.188,64.957,12.996,1,14,1.24,67.06777145905808,11.246797177204995,published_std0.20_shift2.7
1776896089.688,64.926,13.040,1,0,,,,no_pnp_accept
1776896090.188,64.896,13.089,1,0,,,,no_pnp_accept
1776896090.688,64.861,13.139,1,0,,,,no_pnp_accept
1776896091.188,64.827,13.187,1,0,,,,no_pnp_accept
1776896091.688,64.827,13.187,1,0,,,,no_pnp_accept
1776896092.188,64.797,13.233,1,0,,,,no_pnp_accept
1776896092.688,64.765,13.280,1,0,,,,no_pnp_accept
1776896093.189,64.733,13.328,1,0,,,,no_pnp_accept
1776896093.688,64.733,13.328,1,0,,,,no_pnp_accept
1776896094.189,64.701,13.376,1,0,,,,no_pnp_accept
1776896094.688,64.669,13.425,1,0,,,,no_pnp_accept
1776896095.188,64.639,13.472,1,0,,,,no_pnp_accept
1776896095.688,64.608,13.518,1,0,,,,no_pnp_accept
1776896096.188,64.608,13.518,1,0,,,,no_pnp_accept
1776896096.690,64.577,13.565,1,0,,,,no_pnp_accept
1776896097.188,64.545,13.614,1,0,,,,no_pnp_accept
1776896097.689,64.514,13.663,1,0,,,,no_pnp_accept
1776896098.190,64.483,13.709,1,0,,,,no_pnp_accept
1776896098.688,64.483,13.709,1,0,,,,no_pnp_accept
1776896099.188,64.451,13.758,1,0,,,,no_pnp_accept
